rank,username,unique_ac,total_minutes
1,okudeottu,159,2357.87
2,mihhiael,155,1630.93
3,Glemim,155,2168.23
4,gomarine,154,2442.98
5,gomaazarasi,153,1541.83
6,kwm_t,153,1696.67
7,samayawara,153,2401.0
8,sigtuna,151,1335.97
9,kurooo,151,1983.92
10,ktr216,151,2243.17
11,pnum7,151,2464.02
12,YuuPika,147,2696.33
13,AwashAmityOak,146,1849.28
14,Rumain,146,2611.65
15,prd_xxx,144,1547.2
16,magurofly,143,1320.83
17,miya256,143,2713.23
18,t0yama,142,2281.63
19,fuguriris,142,2573.27
20,ArcAki,140,2190.8
21,neverly084,140,2209.45
22,Nick_s,138,1751.95
23,Aryu,138,2258.55
24,moon17,138,3329.77
25,hiro1729,135,1067.83
26,S142857,135,1693.9
27,OilDrum,135,1893.65
28,shingo0909,134,1308.82
29,hanagee,134,1741.85
30,Tsumertet97,132,1953.25
31,sharking,130,1458.65
32,kzyKT,130,2539.85
33,ajgttm,127,1830.37
34,KA37RI,127,2283.13
35,manuo,126,988.83
36,v7fgg,125,2070.98
37,piyo1999,123,2348.18
38,Lumium,122,1904.97
39,Banis,122,3018.77
40,TakaakiUmedu,121,1715.37
41,kidodesuyo,120,1981.07
42,moldie,119,2494.05
43,GOTKAKO,118,1151.28
44,n_wisteria,117,1672.47
45,rrrriki,116,1335.57
46,g222,116,1599.32
47,m041,116,1805.37
48,hibit,116,1861.1
49,jnjkhjlkjhb8,116,2407.6
50,Flashingtw,115,2366.27
51,msksknkn,114,1811.2
52,Sukyakura,114,3309.68
53,ais_out,113,2723.47
54,hnhskni,112,1272.23
55,kakaokakao,111,1324.47
56,kazukun1311,111,1870.85
57,sirsoldano,111,2087.25
58,seekworser,110,1006.8
59,Nissylog246,110,1676.65
60,mmatsumoto1026,110,1914.48
61,loop0919,109,2211.08
62,ococonomy1,108,759.73
63,usedchang,108,2817.32
64,TKTYI,106,707.88
65,yakiringo,105,1417.8
66,Rirnon,104,1311.37
67,npnp,104,1593.23
68,Lidelie,104,2156.05
69,tpgugmu,103,2418.52
70,yh_0202,102,1690.7
71,Johniel,102,2063.98
72,shogo314,102,2604.22
73,yukinekoHifumi,101,1090.02
74,satoyuki,100,2017.93
75,tkykwtnb,99,1088.67
76,shirogane1234,99,1640.97
77,june193,99,1729.55
78,allegrogiken,99,1833.3
79,hytkxd,97,1521.0
80,sasayu,97,2400.1
81,katsumata68,96,773.35
82,hidehico,96,1344.63
83,Mikankyan,96,1426.78
84,shinyak,95,2264.95
85,dice360,94,1255.98
86,k3g,94,1458.62
87,po_chan,94,1605.75
88,yasutake88,94,1757.52
89,ZollingerPython3,93,853.82
90,Show_541,92,2061.6
91,Z_P,92,2096.95
92,miztom,92,2194.05
93,nmy,91,1725.2
94,Zig3014,91,2048.53
95,addx,90,1672.47
96,Aegeaner99,90,2615.87
97,ratjohny,89,1473.13
98,x__0,89,2201.35
99,topi,88,2900.37
100,shunta,87,1044.47
101,chenAustin,87,2419.25
102,timi,86,1446.18
103,Cubber,85,1109.08
104,edon8618,84,1167.07
105,Bolero,84,1285.05
106,occhan,83,1372.58
107,Tehom,83,1570.27
108,askr_58,82,912.48
109,poisonkumaa,82,1241.22
110,Lirius,82,1253.12
111,m1ffyz,82,1359.35
112,noriok,82,2257.75
113,monzou,81,2012.38
114,kemuniku,80,920.08
115,tobusakana,80,990.72
116,NormalSubGroup,80,1246.45
117,Ecola,79,1185.88
118,suzhougaochenzhe,79,1195.18
119,lwrnc788,79,1305.18
120,tumuz,79,1444.87
121,hato_,79,1456.0
122,elphe,79,1696.97
123,Jane_Smith,78,1408.08
124,Egor,77,828.87
125,sumochi,77,1418.63
126,Facade,77,1690.02
127,Tatsu_mr,77,2088.83
128,t98slider,77,2091.3
129,RSHER,76,726.83
130,usk99,76,1204.85
131,agw02010,76,1619.78
132,tau1235,75,827.45
133,varkala_thoma,75,988.32
134,kaede2020,75,1124.22
135,urunea,75,1128.02
136,river0525,73,787.75
137,underwater,73,1065.08
138,sorag,73,1066.7
139,shuphy129,73,1171.5
140,katalonecfly,73,1209.8
141,liuximu,73,1467.53
142,amesyu,72,1377.27
143,RioBluss,72,1456.35
144,qwq_pyt,72,1516.57
145,judgelaw,70,1463.47
146,rinrion,69,830.58
147,lddlinan,69,837.67
148,hiryuN,69,852.2
149,shikase,69,906.93
150,kengou,69,1195.02
151,tau0529,69,1209.3
152,ruthen71,69,1271.93
153,yoniha,69,1326.28
154,ts5208,68,552.45
155,Justinshao,68,813.58
156,ika3gg,68,957.03
157,raru_,68,987.83
158,UT0911,68,1013.5
159,Mikan04y,68,1240.82
160,prev1was_count,68,1483.33
161,PrincessAAA,68,1565.32
162,namipom,68,1760.45
163,Baozii,67,384.6
164,Mackentaro,67,1037.28
165,toshx,67,1064.25
166,eggeggwe,67,1450.88
167,Misuki,65,450.3
168,sampling,65,706.03
169,zhhhanry,65,1433.0
170,pengin,65,1496.53
171,ponzoie,64,1399.17
172,kashihal,63,915.85
173,makimakimakki,63,950.6
174,tmrtmr,63,983.08
175,kawashima0222,63,1682.52
176,kuhaku,62,971.43
177,harada5656,62,996.37
178,AAu,62,1182.65
179,Nyanp4su,62,1390.4
180,daguotuan,62,1604.82
181,Tamiji,61,373.35
182,itto4869,61,781.13
183,daikusutora3,61,1032.85
184,AT_Lele,60,741.18
185,hitori3,60,939.68
186,Kinogas,60,1170.2
187,kamike,60,1192.27
188,komichi,59,1132.68
189,mogura20,58,755.83
190,Takuumi0141,58,1992.63
191,goldenpotato,57,708.55
192,ossan343,57,788.35
193,zawatin,57,917.95
194,hobal,56,623.45
195,Shizen,56,990.12
196,hatsukaiwa,56,1108.45
197,Tyui23357,56,1183.18
198,iomir,56,1464.9
199,abc864197532,55,352.78
200,rabot,55,642.2
201,makotonald,55,1180.57
202,shobonvip,55,1229.4
203,phoyo,54,854.63
204,WAan,54,1065.95
205,yorksyo,54,1121.28
206,Koo__,54,1162.72
207,nullpointerlog,54,1290.75
208,ishigaki122,53,637.3
209,houren,53,821.83
210,wzxqwq2,53,987.53
211,P_A,53,1008.22
212,wmq9527,53,1048.0
213,roromiya_tenkei,53,1048.32
214,kazuppa,52,604.23
215,paleApricot,52,827.1
216,duxingpeng,52,1003.25
217,Volit190n_,52,1011.9
218,HalMat,52,1082.3
219,guanghui,52,1136.33
220,ntukey,52,1170.5
221,ryupepe,51,1126.3
222,matcha_pudding,51,1152.33
223,isee,51,1645.85
224,wasd314,50,366.58
225,E49869826,50,442.37
226,omochi_gyuhi,50,578.93
227,unidayo,50,592.33
228,amentorimaru,50,618.08
229,rurumaru,50,699.7
230,Gakugakuta,50,720.08
231,LemonChicken,50,741.03
232,Darko2026,50,794.95
233,Benjamin_taro,50,972.58
234,migen,49,631.83
235,cirno3153,49,696.07
236,kurigen,49,714.55
237,isym444,49,854.33
238,Unbakedbread,49,912.03
239,DingTianyue,49,1003.42
240,jendolkk,49,1006.48
241,Konishii,48,538.65
242,hekiboko0926,48,723.65
243,tmb,48,842.45
244,skye1428,48,858.45
245,wafyubfhbsfc,48,1057.15
246,Dareon,47,952.92
247,AzAhnaf2003,47,979.88
248,TOMATO10,47,1004.97
249,zhzh0323,47,1070.23
250,kuronosu1024,46,590.07
251,cheMMath1023,46,689.55
252,bakazikara,46,703.35
253,taketii,46,708.53
254,ayuyuyu,46,753.58
255,hakakeen,46,835.67
256,masakam1,46,955.25
257,kyutatsu,46,966.52
258,hossie,46,1492.55
259,yuusaan,45,505.65
260,mitukage24,45,550.48
261,vone,45,634.9
262,umimel,45,640.52
263,kaliafluorido,45,750.42
264,Dbydiandian,45,779.57
265,eller,45,944.07
266,iakioi114514,45,954.58
267,ASGOER,45,1102.43
268,ssaimanjunath,45,1328.52
269,detteiuu,44,285.68
270,yesantikiss,44,362.5
271,Medakaa,44,552.53
272,qym0809,44,600.32
273,achapi,44,632.63
274,ayutake,44,668.43
275,menboy,44,686.58
276,aprilhare,44,722.32
277,ajinkya1p3,44,726.53
278,akazuki8,44,729.38
279,goropikari,44,793.95
280,sen469,44,1009.75
281,teruteru_source,44,1178.58
282,shira_111,44,1393.7
283,okkuu2,43,486.42
284,zhangzhenqi,43,586.67
285,sorachandu,43,633.6
286,everlast1ng,43,636.92
287,zettsut,43,638.78
288,a_s_k,43,825.15
289,ryo1212,43,895.33
290,suri1326,43,964.23
291,twins_fuyu,43,974.65
292,Gautam2003Kumar,43,1315.77
293,Tatsup1ch,42,525.2
294,xerox51,42,771.8
295,liufengyi,42,809.82
296,alignedOne,42,929.12
297,maeda3,42,981.77
298,deuteridayo,42,996.33
299,SamitO_o,42,1106.68
300,GhostFace,42,1356.62
301,CommandSR,41,386.62
302,torus711,41,558.65
303,blueberry1001,41,570.38
304,YForr,41,589.03
305,takahashi_uni,41,701.8
306,toyboot4e,41,715.13
307,Lethey,41,1040.98
308,Sanjarbe,41,1176.1
309,Davlatbe,41,1182.93
310,Rssll_Krkgrd,40,312.03
311,toshi_hiroshima,40,415.82
312,ishibashihotaru,40,438.38
313,becaido,40,508.4
314,KK_Poker,40,674.6
315,Coder2086,40,704.28
316,komite,40,723.42
317,catupper,40,730.15
318,hushojin,40,857.0
319,ni_devx,40,1026.23
320,abueo,40,1318.02
321,uuuu_s,39,483.47
322,mnti,39,532.62
323,cled0328,39,558.83
324,chernozem,39,575.9
325,onezero,39,634.22
326,Timmy1224,39,828.67
327,campane,39,898.92
328,dokukinoko,38,481.37
329,Tak_Ajjinomoto,38,697.22
330,sifuri,38,863.37
331,CrayonShinchan,38,902.75
332,Junatc,38,962.38
333,MNoNamer,38,1083.02
334,huangyixin,37,258.87
335,fktm,37,450.95
336,yoshibo,37,582.88
337,hanmingxi,37,583.98
338,Ardi,37,657.55
339,okku_n9,37,731.38
340,AD010,37,769.08
341,shikineko9625,37,820.65
342,Takenokomeshi,37,881.45
343,2025syl,37,1105.27
344,MisumiCoder,36,497.73
345,delta71,36,501.85
346,Tuchmos,36,582.43
347,Icho,36,631.8
348,windingot,36,653.12
349,hhk,36,713.02
350,fraiser,36,1053.25
351,HBit,35,191.4
352,shibaken496,35,353.78
353,perfectoutsider,35,536.92
354,shonNMIXX,35,594.95
355,Ashnu2567,35,597.07
356,nunchan,35,665.18
357,jet0312,35,806.83
358,jangojangojango,35,824.55
359,Amagaeru,35,859.03
360,harurun,34,470.85
361,bellman1114,34,485.7
362,Est1017,34,519.3
363,aketijyuuzou,34,651.93
364,tanaka2_55,34,723.37
365,yuiz,34,737.33
366,akatsuki7c8,34,780.57
367,moonkis,34,1196.12
368,Yoyoyo8128,33,337.7
369,Fysty,33,360.73
370,kentakunkentakun,33,387.13
371,alpha0314sub,33,444.17
372,diaoman,33,536.25
373,jiahojian0228,33,673.1
374,grus2838,33,683.17
375,titan23,32,386.32
376,miraclefruit,32,466.75
377,manabeai,32,504.9
378,tseki,32,560.18
379,LxRBS,32,628.98
380,Jayling,32,646.68
381,dgfls25,32,759.83
382,himueu,32,881.17
383,shan_01,32,917.58
384,OeH,32,936.95
385,youngdp,32,986.85
386,PCTprobability,31,84.85
387,qw1234321,31,189.65
388,jin_tt,31,505.73
389,littlegirl112,31,548.3
390,onigiRe,31,757.17
391,Equinox__,31,855.42
392,poino,31,887.68
393,sgfc,31,948.58
394,Nenad,31,1067.92
395,iastm,30,249.45
396,snuke,30,269.72
397,trv,30,282.52
398,aPNJ777,30,316.75
399,kirameku,30,325.82
400,urectanc,30,351.0
401,Ricky214365,30,376.0
402,kusuninu,30,418.15
403,RumineMocha,30,419.57
404,konghaojie,30,497.98
405,chenzhongyu,30,603.2
406,coindarw,30,661.57
407,weichenchi,30,669.25
408,Yiqinian,30,673.45
409,ramumsrk,30,722.27
410,licht1732,30,764.37
411,Wu_,30,782.13
412,wushiheng2024,30,1190.55
413,breso,29,339.58
414,tRu,29,358.88
415,strafp,29,425.98
416,PikaBlaze,29,451.6
417,kaori_s,29,452.78
418,rms,29,491.75
419,mid_,29,520.38
420,anmichi,29,544.03
421,yuyu1213,29,577.17
422,omoU,29,589.18
423,anobaga,29,592.38
424,InnocnetLu,29,633.42
425,miya145592,28,405.58
426,chana,28,466.23
427,samcpp,28,497.63
428,Nauclhlt,28,512.12
429,nutee,28,663.35
430,harurun4635,27,234.98
431,aa36,27,443.22
432,luohaozhi1,27,460.05
433,ryota70th,27,464.8
434,jiuxun,27,499.6
435,merumerun,27,502.32
436,Binomial,27,556.0
437,nishinoyama,27,562.73
438,t5ugu,27,579.13
439,alcea,27,608.98
440,nona3838,27,659.73
441,Aslbek,27,671.73
442,tryeverything,27,901.27
443,diobrando97,27,997.93
444,kyad,26,372.48
445,yamate11,26,393.27
446,mehrradin,26,409.58
447,HeJie,26,462.72
448,batapi0311,26,493.25
449,NandhiniS,26,511.98
450,rmp,26,576.57
451,Alex1124,26,587.87
452,tcfsh1622noob,26,711.42
453,kakemaru,26,773.58
454,JarryChen,26,819.7
455,jastaway,25,193.07
456,yamadanull,25,210.85
457,fukemachi,25,240.43
458,Re73,25,242.45
459,besukohu,25,247.73
460,dbtodqorrn250,25,257.83
461,Kev1511,25,260.45
462,Fra_,25,321.73
463,lybord,25,326.32
464,this54c,25,338.77
465,SorahISA,25,342.1
466,coldspeed,25,351.68
467,PotassiumNitrate,25,358.28
468,gsh07013004,25,388.95
469,knvck,25,390.47
470,dabper13,25,398.75
471,yama_can,25,406.58
472,Today03,25,426.62
473,KellyH,25,435.93
474,suakii,25,436.35
475,kkbb,25,461.27
476,Germanium032,25,472.92
477,Pasta112,25,479.88
478,kotomiko,25,480.82
479,ChihayaRinka,25,538.53
480,Yuaeb_698,25,620.45
481,hjh24035,25,680.48
482,wengyifan,25,784.75
483,caz37OwO,24,244.32
484,Charlotte_yyds,24,254.0
485,w24nishi,24,312.1
486,KEYBO,24,324.67
487,youtoon,24,344.65
488,jsntzth,24,347.52
489,asdf12,24,369.58
490,Killbot,24,418.03
491,mkkms,24,418.75
492,ntuda,24,430.97
493,from_apocalypse,24,479.27
494,VultureSpring,24,501.08
495,Tyranno_Gyaos,24,522.55
496,tom7201,24,531.95
497,GYqun1,24,536.62
498,Matocc,24,545.18
499,kENN3N,24,677.08
500,Anago_pie,23,292.7
501,dyktr_06,23,326.9
502,ytsutsu,23,374.45
503,mizu7e,23,384.7
504,nsubaru,23,396.87
505,alanzhang0101,23,398.05
506,mudon,23,411.62
507,Luffy34225,23,428.62
508,zuba,23,487.78
509,Ratstar216,23,492.98
510,PMS,23,503.03
511,fudaoxun,23,508.12
512,on_Sunday,23,528.47
513,keni____,23,565.15
514,Tangjiahe,23,579.45
515,Yswang,23,593.62
516,RadrRadr,23,620.6
517,Mustafar,23,730.58
518,dakksh_29,22,87.0
519,mkreem,22,254.77
520,lbx2012,22,256.22
521,FPython,22,321.65
522,NamelessRET,22,394.68
523,akebono03,22,397.52
524,tanpaku,22,422.0
525,ysaga,22,436.03
526,pleaseinputtext,22,441.92
527,hyouchun,22,467.32
528,Hinakomufu,22,496.83
529,omiwotuke,22,557.97
530,gastnoch19,22,560.15
531,daryll,22,737.2
532,Modifier,21,199.0
533,wyyinput,21,215.35
534,nanahash,21,280.05
535,nkname,21,280.57
536,Ziad3ssam10,21,314.15
537,RedSpica,21,319.62
538,wuyihe,21,331.13
539,sakuda00,21,360.3
540,rykazari,21,369.82
541,liuzhengshen,21,374.37
542,milkcoffee,21,385.52
543,yskwtnb,21,392.0
544,littlechange,21,411.33
545,KuronekoStrap,21,439.53
546,Echia,21,439.58
547,AbhinavGupta,21,450.4
548,japaneseotaku,21,466.27
549,mekemeke_san,21,473.97
550,xiaoe,21,480.48
551,TKTY1,21,546.85
552,Amane__,21,558.8
553,circled_9,21,571.15
554,o_elyas,21,577.15
555,toku4388,21,584.13
556,Deemo_ML,21,648.62
557,barasanStar,21,662.08
558,ransewhale,21,818.53
559,igeee,21,832.77
560,zhuxz,20,22.43
561,kotatsugame,20,82.17
562,Rogi,20,104.82
563,linjy,20,116.88
564,Felix72,20,148.08
565,MoSooN,20,152.98
566,nasa,20,187.73
567,kenkenken48763,20,188.05
568,Shyler_Yunxi,20,190.45
569,DeepThink,20,206.6
570,aogera,20,206.63
571,takytank,20,220.88
572,redallen,20,242.88
573,yuki4869,20,243.77
574,hamu_chan,20,243.95
575,DrDuck,20,245.55
576,aacpschool,20,249.0
577,Shutcapybara,20,253.17
578,apricity,20,258.68
579,von_arrow,20,277.87
580,kento_maeda,20,281.38
581,Apoptoxin,20,288.28
582,shin9,20,296.77
583,Rohan_D_Skaria,20,306.45
584,ttttt66,20,310.18
585,joker_x,20,310.95
586,tomatiti,20,335.57
587,EduardoBrito,20,338.08
588,LIama,20,346.68
589,wightou,20,354.7
590,winter_2521,20,357.22
591,sh_mug,20,376.65
592,moon_set,20,379.25
593,kinokinoo,20,407.17
594,Hosh1mi,20,414.72
595,Adhfi,20,416.53
596,lxh20110629,20,426.77
597,rabbitsayhello,20,451.83
598,Saki1103,20,457.0
599,ssmbc2929_bartok,20,465.15
600,ibu9254,20,498.75
601,vyakash114514,20,606.3
602,Hachimori,20,646.93
603,AgneyK,20,662.87
604,WoodReal12,19,81.08
605,luoyenews,19,166.97
606,mythofys,19,183.25
607,maisuma,19,226.87
608,prism4291_,19,242.87
609,yakouchuu,19,244.97
610,Jackis666,19,251.42
611,lescot,19,281.08
612,gw2204,19,290.65
613,ThatOnePypyUser,19,294.05
614,macaroni5708,19,318.25
615,konayuki,19,319.22
616,sharpca,19,320.48
617,aoriso,19,321.78
618,elbf,19,330.4
619,snoozerain,19,331.23
620,miroqqwy,19,351.8
621,aruru88,19,362.38
622,Katu2ou,19,362.83
623,jikei,19,412.87
624,yezi_2014,19,415.43
625,mackerel38,19,436.27
626,newPrateek,19,440.62
627,motomoto0001,19,447.6
628,Adithya_02,19,518.27
629,onekey,19,528.9
630,mogobon,19,532.0
631,fnt,19,547.32
632,Shohta0512,19,572.9
633,ahoy,19,597.92
634,creamsand,19,618.47
635,arrsty217,18,221.18
636,akidaily,18,222.43
637,KAMITOcxy,18,251.27
638,Litms,18,253.63
639,huhaoming,18,267.6
640,tomcat1233,18,268.08
641,sbknk,18,274.3
642,mkzkm,18,279.62
643,Furakuta,18,295.8
644,jeba27,18,335.4
645,YTOK,18,357.97
646,Shota_Otsuka,18,380.45
647,KFrom40,18,398.05
648,Goose_Leader,18,410.18
649,yoppy,18,412.28
650,yezicong1104,18,456.68
651,hotpepsi,18,546.12
652,undeadliberty,18,547.62
653,taizaizhi,18,564.32
654,EZMario,18,659.13
655,stafx,17,143.12
656,motokik,17,192.78
657,sanjiaozhou,17,237.32
658,xmy1234567890,17,237.85
659,kamekiti_mars,17,240.68
660,dongzirui0817,17,256.07
661,ztjxyzxyz882,17,261.47
662,baluteshih,17,264.97
663,Aseteyan,17,265.3
664,babbrian,17,266.98
665,wyf20091230,17,293.72
666,pratham999111,17,325.77
667,lanbilin,17,334.52
668,zzZAB,17,339.32
669,wohuixinfude,17,347.33
670,tle_adi,17,352.25
671,sainath_jangewad,17,375.38
672,berry,17,384.7
673,Akari__,17,451.28
674,ke90iehRG,17,457.25
675,FatalError29,17,459.28
676,cnlihuan,17,484.55
677,Q_E_D_,17,494.17
678,uruzunyaa,17,498.1
679,huhanxuan,17,504.33
680,Sunrise_up,16,56.1
681,TakoCoder,16,117.5
682,hirakuuuu,16,138.5
683,ACQQQQ,16,175.18
684,yuuyuu1729,16,182.85
685,ont_JPN,16,208.23
686,az23456,16,213.4
687,masafumi,16,234.13
688,daisybunny,16,240.02
689,rapca,16,245.13
690,natoriusan,16,245.87
691,iwakawa0501,16,275.13
692,tombo_,16,277.6
693,noshinn,16,279.15
694,goih,16,287.95
695,calseeeee,16,296.02
696,cpp_noob,16,304.73
697,tungyicheng,16,335.65
698,lyc10032,16,346.53
699,imoken_p,16,367.48
700,JZ2025qzyGanfan,16,371.02
701,huangqishuo,16,382.02
702,KYOSHIU,16,386.45
703,Ariga,16,412.42
704,2025qwl,16,424.52
705,zhuangzhicheng,16,425.18
706,32BACH1,16,433.88
707,hrh2025,16,459.4
708,gw24107,16,482.28
709,Jun1013,16,484.32
710,mattariusagi,16,488.9
711,sukesann,16,520.98
712,taka2005,16,712.5
713,msyu,15,12.83
714,zdd6310,15,21.92
715,gonhu1234,15,43.65
716,rui_er,15,73.57
717,Nth2fade,15,76.17
718,Floweryhb,15,91.45
719,U_no_who,15,97.9
720,aoori,15,100.22
721,a_computers,15,101.6
722,Priestess_SLG,15,108.92
723,mya3,15,120.37
724,saki_koromo,15,128.28
725,JX154,15,129.5
726,yu23578,15,131.97
727,tatyam,15,136.95
728,tynkou,15,147.57
729,wiwiho,15,148.2
730,ThomasQuan,15,154.6
731,a01sa01to,15,154.7
732,SFLS_AI_WINNER,15,167.45
733,alllllllllly,15,169.1
734,imdashraful17,15,170.18
735,coduckstudent,15,175.63
736,SouSou196883,15,178.92
737,tetra4,15,179.8
738,ppmn_6,15,180.12
739,dengweile,15,182.52
740,chenmohan,15,195.87
741,Sozima,15,204.98
742,starptzawarudo,15,208.58
743,shkii,15,215.25
744,choco_tanaka,15,218.48
745,RabbitWhite,15,219.32
746,insert,15,223.08
747,fjtmessi10,15,230.52
748,mocop,15,231.27
749,saku03081,15,233.0
750,2011ryf,15,236.98
751,naby,15,241.6
752,kohakunushi,15,241.67
753,Banana_Surface,15,246.1
754,ChopinWaltz,15,250.15
755,writeAhead,15,250.43
756,sibarseki,15,254.62
757,es13nt_A_1,15,254.87
758,lcx_13456,15,259.58
759,liangyoulin,15,272.37
760,xzc2023,15,276.4
761,manybear,15,282.63
762,yurina256,15,287.55
763,Tangzy0121,15,293.63
764,honyif,15,297.32
765,nekoti,15,306.87
766,someone_,15,327.77
767,HHmiyako,15,334.72
768,akinyan,15,336.1
769,magicaldavid,15,339.6
770,aeroX_01,15,350.1
771,ardRiriy,15,356.48
772,Esu0,15,358.47
773,TwoSquirrels,15,386.72
774,huanghaolun,15,397.1
775,gw2250xyn,15,397.28
776,shadow9,15,397.72
777,makio93,15,422.1
778,orange_fruit,15,426.28
779,koukanni,15,441.42
780,shashwat379,15,462.87
781,m00n1ight,15,466.43
782,yrlpiao,15,532.43
783,harveyspecter,15,538.52
784,mochaowo,15,566.3
785,tnk3a,14,111.52
786,h4sk,14,119.75
787,wuenzi1,14,141.48
788,Malb7mm,14,148.12
789,Magentor,14,149.08
790,AdTerram,14,154.08
791,tosuto,14,186.65
792,rei_03b7,14,186.67
793,eiich,14,202.68
794,yimiya,14,205.58
795,NASU41,14,209.52
796,szlt,14,214.22
797,YZ_,14,214.48
798,Chenhaoqi,14,215.35
799,Sai_Krishna_Puni,14,222.65
800,mtfucker,14,236.58
801,chenzehan,14,240.57
802,potato1938,14,245.1
803,0xyyy,14,256.77
804,ZeroOneBFS,14,258.57
805,lexi38623,14,265.33
806,stevetoken,14,276.63
807,nemy,14,282.25
808,Guran08,14,284.1
809,mizarjp,14,291.98
810,hxy654321,14,297.28
811,reizouko264,14,298.62
812,Vanilla_xi,14,301.97
813,Akhmadjon,14,305.85
814,sai_ac,14,308.43
815,ei2520,14,310.83
816,tuttutu256,14,319.55
817,chierin2,14,329.35
818,Gauravkumar74123,14,337.33
819,fozzii,14,339.8
820,funasshiii,14,345.78
821,tomo8,14,356.2
822,Alex0210,14,368.93
823,pekerkat,14,391.4
824,programX,14,412.98
825,Prrapp,14,413.75
826,OYus,14,420.15
827,WangZhanYu,14,457.08
828,Angeline,14,462.15
829,miraclegirl,14,470.62
830,Prabudh_,14,480.1
831,yuuki_n,14,528.9
832,Lqd0f,13,85.63
833,fengenrong,13,115.78
834,Ao02,13,133.17
835,rai_suta,13,152.43
836,liuzehua112233,13,159.88
837,binap,13,165.3
838,TianM23,13,175.15
839,charlotte_cpp,13,178.2
840,LiJunsong,13,192.33
841,surinrin,13,194.42
842,Rice_tawara459,13,201.15
843,PeaQa,13,216.83
844,kazu107,13,223.32
845,qianwai,13,236.6
846,wqz13,13,240.88
847,PratinavGupta,13,243.48
848,helongyun,13,244.47
849,chenyuan3,13,250.88
850,ah686634,13,259.17
851,ShenyouWu,13,262.1
852,furuoro,13,270.72
853,EasonAAA,13,283.23
854,Kremlin897,13,285.85
855,amankrdk4,13,295.3
856,WuTUT,13,304.62
857,puwenxiao,13,312.97
858,TinTrung,13,313.32
859,gore2015,13,314.25
860,Thebai2357,13,317.32
861,chensian,13,321.78
862,G_S_Z,13,337.87
863,zhoushuoyu,13,373.68
864,Sh1kiNatSume,13,375.18
865,yuelai,13,398.52
866,Ez_Elephant,13,412.23
867,Balaji_777,13,419.7
868,sukiyaki1019,13,433.5
869,Tomo271828,13,499.3
870,Dharan,13,517.67
871,Genshin_ht,12,51.3
872,tyuyu_62,12,109.58
873,syann,12,114.02
874,CorgiHere,12,135.82
875,alexwice,12,150.17
876,wzr130113,12,161.62
877,LogikLegende,12,164.38
878,subzcuber,12,170.67
879,nobsun,12,174.72
880,elf48,12,184.78
881,hirohiso,12,185.0
882,WillowLog,12,193.27
883,Limingxuan,12,199.58
884,flemins,12,200.93
885,friedturtleee,12,204.43
886,FallenPrince,12,211.23
887,AllAce,12,220.33
888,ztyroy,12,224.07
889,AnupBarman,12,235.55
890,tkms,12,238.0
891,toshikoshi_ramen,12,239.37
892,viral,12,239.6
893,KeitaroNaruse,12,246.43
894,ljs32423,12,248.67
895,Lamian,12,249.47
896,Red__river,12,262.25
897,world_kiana,12,263.15
898,huguanfu,12,272.47
899,Turgen,12,277.75
900,sxyz88,12,285.05
901,newsname,12,285.52
902,easternest,12,287.05
903,superhorse,12,288.75
904,ei8ht,12,289.58
905,thecoolguy,12,293.15
906,cheetah3621,12,296.97
907,luckyK,12,297.0
908,hamada_bo,12,304.75
909,IlIlIlIlIlIlIlIl,12,305.47
910,NOKOMIZ,12,305.83
911,furikus,12,306.98
912,sakib1290,12,315.48
913,Cheng0928,12,319.92
914,2028zhanghuan,12,320.02
915,fangshang2015,12,323.17
916,Sma,12,325.78
917,LVYB,12,331.5
918,lihaohao,12,342.53
919,wDrFtgyLp,12,345.17
920,liusixun2024,12,346.35
921,Kcits970,12,374.75
922,wanui,12,375.73
923,ryu__ji,12,377.15
924,tsuchinoto,12,384.23
925,shige111,12,427.1
926,yupiteru,12,549.55
927,AWC_winner,11,67.95
928,Nachia,11,95.58
929,emmoy,11,96.98
930,IrBorane,11,100.15
931,jinchengli,11,119.72
932,smilences,11,123.22
933,jumoku,11,126.33
934,2010wenzichun,11,129.68
935,sunxuanyu,11,139.47
936,yttk,11,146.7
937,VoidalityK,11,162.03
938,fnoilhyang,11,169.0
939,T1win,11,172.17
940,wsaleem,11,174.42
941,star_1,11,178.08
942,guppi_03,11,180.38
943,sclara,11,180.78
944,tom953,11,199.17
945,kurao2924,11,199.28
946,aryanishappy,11,202.72
947,ASST,11,211.95
948,csy001,11,214.43
949,green_tommm,11,233.48
950,Jessie1247,11,234.03
951,aligeee,11,252.93
952,ZilinXie,11,271.47
953,T101010101,11,286.12
954,kenistry,11,289.98
955,youngerrr,11,301.35
956,cherilgracenciya,11,314.12
957,Wang_Kevin,11,324.0
958,sandblast0257,11,333.35
959,rahul_18,11,334.5
960,Aptx2006,11,336.83
961,Sueh,11,342.67
962,lsy123456,11,346.1
963,xcyb,11,347.13
964,maimmm,11,347.53
965,infinite2021,11,351.33
966,harvsftw,11,491.47
967,aslam45,11,493.97
968,kaartikarora,11,505.08
969,Forsaken_,10,13.5
970,Lionblaze,10,18.67
971,gangbengr,10,24.92
972,cleber0328,10,25.05
973,Sparse_Table,10,42.6
974,CuteMurasame,10,47.58
975,maspy,10,58.07
976,bandai0412,10,58.5
977,yaaya,10,60.1
978,Murasame1st,10,61.72
979,hirayuu_At,10,64.47
980,n_o_n_o_n,10,65.5
981,liboya5074,10,66.03
982,ei13333,10,69.58
983,ui_shig,10,69.65
984,Jinapetto,10,70.4
985,aaa_Pigeon,10,72.32
986,CHDfan,10,83.57
987,warner1129,10,85.68
988,gongruixin2012,10,88.03
988,tenagazaru,10,88.03
990,SoulKnight,10,89.72
991,AtcoderHelper,10,90.18
992,KumaTachiRen,10,91.08
993,zzr,10,91.35
994,kusano,10,94.97
995,Nanmo,10,97.25
996,buko,10,98.87
997,a_computers_xh,10,99.38
998,zundamochi_1117,10,104.45
999,yuuDot,10,105.55
1000,xzy_caiji,10,108.88
1001,computers_office,10,109.05
1002,elcirco,10,113.43
1003,nikoro256,10,113.58
1004,HenryGe,10,119.82
1005,ATRI_,10,119.9
1006,GB5,10,120.25
1007,rokuhati,10,123.83
1008,hzm0310,10,126.22
1009,cmh101001,10,126.35
1010,chenchuze,10,128.23
1011,k_k_pyrhon,10,129.75
1012,aaabug,10,138.47
1013,ks2m,10,139.02
1014,tardigrade,10,140.57
1015,Rawnak_Arzumand,10,141.53
1016,WhiteCatBlackHat,10,146.08
1017,KiKoS,10,150.25
1018,hiromi_ayase,10,151.67
1019,ychangseok,10,152.77
1020,Harry_Kame,10,153.88
1021,timgo2025,10,156.75
1022,fengshenghao,10,158.38
1023,mosaseka,10,158.68
1024,yuanjiaye,10,159.3
1025,puyo,10,159.33
1026,Osman_Avci,10,160.37
1027,qzyz_zmx1,10,163.1
1028,Excpp,10,164.23
1029,atm314,10,170.72
1030,phriaync,10,170.73
1031,jazzymaxine,10,171.67
1032,H_R_K,10,173.8
1033,Leal_al,10,174.8
1034,shinchan,10,177.78
1035,P_C_star,10,178.0
1036,gue,10,181.15
1037,UlviX,10,183.12
1038,frexe,10,183.73
1039,Eason_cyx,10,184.62
1040,CHD,10,185.4
1041,firiexp,10,185.48
1042,nekomachan,10,185.78
1043,yangzichen1203,10,187.55
1044,tarusu_so,10,191.83
1045,googology,10,195.35
1046,InTheBloom,10,196.4
1047,lingzihao,10,198.85
1048,Ebraam_Yousef,10,199.7
1049,yangzitong2025,10,199.85
1050,Frank66,10,208.12
1051,Hussein01,10,208.82
1052,TowaYokoyama,10,213.48
1053,wogikaze,10,216.47
1054,jayden41,10,218.42
1055,A7_divided_by_3,10,225.53
1056,hely,10,225.87
1057,junzi2010,10,227.98
1058,kitagawakita,10,232.77
1059,Wsj21661949,10,240.45
1060,KaranChauhan,10,241.12
1061,horn3,10,244.33
1062,hypersoweak,10,246.0
1063,kiruru002,10,246.38
1064,joyce2012,10,247.35
1065,cwd2023,10,248.35
1066,gwfate,10,250.63
1067,Hasib_2050,10,251.18
1068,Kazunium,10,255.97
1069,chenyanjun2023,10,262.38
1070,fumta,10,262.97
1071,km1729,10,267.15
1072,bem130,10,282.97
1073,litanghui0000,10,292.2
1074,Alan_xyi0906,10,296.52
1075,ANgt,10,298.58
1076,sixuhe,10,300.58
1077,CocaKoala,10,309.38
1078,hetwizzy,10,316.98
1079,cynqwq,10,319.83
1080,champignondayo,10,322.28
1081,AtCoderGaoruize,10,337.52
1082,itokoi,10,338.47
1083,suneo31415926535,10,348.13
1084,Sudhir87,10,380.47
1085,yujunmin,10,381.58
1086,xuyuexi,10,383.58
1087,AngrySadEight,10,442.98
1088,xieruiqi,10,447.68
1089,biotea,10,479.22
1090,crqaitiaowu,9,66.03
1091,Balint12,9,82.6
1092,Artemol,9,83.32
1093,komori3,9,83.78
1094,soto800,9,85.17
1095,sqzume,9,89.82
1096,firework72,9,95.45
1097,RWD,9,98.27
1098,c1ampy,9,99.13
1099,oreo2005,9,102.72
1100,lbw2025,9,104.52
1101,eternal_silence,9,105.53
1102,aqua_dhmo,9,105.97
1103,sato_sato,9,106.05
1104,dicecu,9,107.37
1105,lkz2029,9,108.18
1106,CHENZhuoxi,9,109.18
1107,Gogalvijay,9,111.92
1108,cAtCoder12345,9,112.4
1109,bird01,9,116.43
1110,cjdst,9,125.95
1111,YiShuyao,9,127.73
1112,Wugene1,9,130.6
1113,std_rot,9,132.42
1114,doqusa,9,133.6
1115,KiriKana,9,134.15
1116,pitP,9,137.8
1117,muratraqli01,9,140.83
1118,elmulberreed,9,145.03
1119,Sophy_ff,9,145.38
1120,satama6,9,147.83
1121,MistryNihilityn,9,150.2
1122,Rishabh_759,9,155.1
1123,shendengbo,9,157.82
1124,ikoya,9,160.53
1125,lgrandco,9,162.27
1126,nemesis01,9,166.88
1127,HuTianqi,9,166.95
1128,ponjuice,9,170.58
1129,tb158,9,171.7
1130,t154654,9,176.03
1131,scotch_at,9,176.15
1132,HitTmg,9,178.0
1133,ZeriToki,9,178.82
1134,jjjxs,9,180.33
1135,aotyam,9,182.6
1136,Mahadi4404,9,196.05
1137,aperson31415,9,196.53
1138,ytamu555,9,198.25
1139,H1809,9,198.53
1140,ByanByanMen,9,202.62
1141,2026wangyiwen,9,202.83
1142,imazato,9,203.35
1143,gawanosuke,9,203.55
1144,HZY1618yzh,9,208.1
1145,amrit_overhail,9,212.98
1146,Zelong_Xiao,9,213.87
1147,kuroinusan,9,215.2
1148,codingtrickster,9,220.25
1149,MKD1145,9,221.58
1150,BadRandom,9,222.65
1151,nakLon,9,227.03
1152,ponkmq,9,227.32
1153,tossy2002,9,227.53
1154,WWSS_MM,9,231.95
1155,C20263103,9,233.53
1156,wmxw,9,234.52
1157,Santhosh_L20,9,236.27
1158,bondrewd28,9,248.95
1159,Windyshadow,9,252.1
1160,Ineesh,9,258.0
1161,tfl_tkpc,9,258.1
1162,Baiqiwei,9,261.05
1163,toshiconner,9,264.78
1164,tyLingyu,9,267.53
1165,Priyam_kumar_,9,278.28
1166,Pragadheesh_S,9,279.0
1167,Minh4893IT,9,288.7
1168,xy03c,9,289.33
1169,Superkikki,9,304.03
1170,mr_human,9,310.25
1171,balakrishnan_v,9,327.98
1172,Guangzhoumetro,9,329.37
1173,gourav100110,9,334.12
1174,xhxxwcr,9,351.57
1175,ryota2357,9,398.13
1176,ZaeThrix,9,432.22
1177,mono_1729,8,64.55
1178,koalajasper,8,65.17
1179,Ethan_sun,8,75.12
1180,kevin5556,8,76.2
1181,ta2maru,8,77.63
1182,ZJA0224,8,80.03
1183,zhuruochong,8,80.77
1184,Xishui,8,83.07
1185,enumati,8,83.52
1186,O_dayo,8,84.83
1187,angeloman7,8,85.32
1188,daiten1024,8,91.98
1189,Tomii9273,8,103.92
1190,2025lizhaoran,8,107.62
1191,Easonding,8,107.73
1192,xyz877,8,111.17
1193,asasui2,8,112.55
1194,tnktsyk,8,112.68
1195,bribritt,8,116.83
1196,DYZ123,8,117.28
1197,Citypop,8,121.98
1198,DDDDDino,8,124.92
1199,BrandyJ,8,126.75
1200,krish2004parikh,8,127.1
1201,tim981030,8,137.28
1202,FygenCughen2,8,138.95
1203,tetitubuta,8,142.53
1204,sdgjxjgs,8,143.15
1205,faje2,8,150.6
1206,no2ca,8,156.5
1207,qwertyuiop615243,8,159.37
1208,divine21,8,160.0
1209,Quey,8,160.42
1210,Ruhan_007,8,166.2
1211,me_as_coder,8,171.75
1212,Juan2012,8,177.22
1213,ygdstmidn,8,178.28
1214,chrome_chome,8,178.57
1215,hayabusa286,8,178.7
1216,muskanraghav,8,179.3
1217,EitoNakamura,8,182.52
1218,baoziwu2,8,184.25
1219,owais_,8,185.25
1220,lumiere_,8,187.18
1221,Maddy_22,8,187.25
1222,MJuice,8,190.12
1223,The_Roxx_,8,191.73
1224,KKKKKIIIII,8,196.43
1225,suidonx,8,199.48
1226,xihaolan,8,203.5
1227,Ryoga_exe,8,204.07
1228,Caigezin,8,205.18
1229,loser_qwq,8,206.38
1230,Spinning888,8,212.58
1231,pavansai16,8,217.77
1232,hy9360,8,220.65
1233,Roxign,8,226.13
1234,Ceres177ml,8,226.22
1235,XM_AtCoder,8,226.38
1236,sierraki,8,231.07
1237,JhoZzel,8,233.18
1238,qizilbek,8,234.2
1239,huwarin,8,234.47
1240,songzihe,8,247.0
1241,skellyjonut,8,256.02
1242,noel_133,8,257.03
1243,ZhengHaoxuan0331,8,257.22
1244,dy_atcoder,8,261.43
1245,hiro_hiro,8,264.57
1246,khanh_thien,8,265.98
1247,lmori,8,276.5
1248,gw22755,8,288.35
1249,paramj,8,288.43
1250,Hak_ari,8,289.1
1251,Qr_sake777,8,295.22
1252,shobikadayanidi,8,301.03
1253,wangyinghao2,8,305.7
1254,Shushikta,8,312.6
1255,chenyian,8,339.93
1256,Leo_29,8,342.9
1257,chauncey,8,379.05
1258,jackyuyu,7,72.75
1259,sakusaku8,7,73.22
1260,wsdsbsw,7,77.95
1261,Hello0,7,80.37
1262,kariya1975,7,84.4
1263,Konini,7,84.73
1264,Alcadeias,7,91.42
1265,mahi_mahi_,7,91.88
1266,yanglinze,7,93.63
1267,yangzelin2024,7,94.93
1268,yuiseya,7,96.02
1269,vewake,7,100.6
1270,Taramora,7,100.85
1271,THE_SEU_07,7,101.25
1272,bjgf,7,102.18
1273,monerinngu,7,103.6
1274,ABCEfive,7,109.68
1275,tohenboku,7,110.68
1276,nmnmnmnm,7,110.72
1277,dokinami,7,112.17
1278,Lilibet,7,113.77
1279,am1331,7,113.78
1280,delta0,7,122.42
1281,wangyuwen,7,123.27
1282,dengyuxi,7,123.28
1283,human_machine,7,126.85
1284,Amit_K39,7,127.3
1285,godAngryOver,7,131.67
1286,memin,7,131.97
1287,terakan315,7,134.47
1288,changP,7,141.28
1289,hyc1207,7,145.05
1290,ALTnF4,7,149.03
1291,RinSakamichi,7,150.58
1292,bhavirai,7,151.23
1293,userWaliso,7,152.13
1294,Hekimov038,7,153.32
1295,nyororo,7,153.67
1296,suu8038,7,158.62
1297,taichobi,7,159.23
1298,t001s,7,161.25
1299,heyhayfever,7,161.72
1300,olive_,7,164.67
1301,mohitgupta,7,165.0
1302,hossg,7,166.6
1303,heyprateek_,7,166.83
1304,Tyellow,7,169.45
1305,zhangxing,7,173.92
1306,Harunyann,7,176.6
1307,litianyu2011,7,179.53
1308,namankmwt,7,185.78
1309,nagisa14567,7,186.32
1310,AnusuyaRamu,7,189.0
1311,Uzawa_Reisa,7,189.12
1312,lsh1202,7,193.12
1313,xnneko,7,199.65
1314,caizhengyan,7,206.52
1315,LHM2,7,207.68
1316,scqf,7,208.62
1317,hozX,7,210.73
1318,SANTHOSH007,7,211.17
1319,gomikasu,7,211.53
1320,kurf18,7,211.93
1321,wangzhongyu,7,212.13
1322,JSLY,7,212.18
1323,hukahukaSNOW,7,213.25
1324,qinjunhao,7,214.52
1325,htp32,7,215.72
1326,peter2026,7,222.35
1327,ta0920,7,225.32
1328,gixim,7,229.8
1329,MorLeaves,7,230.78
1330,catusernametaken,7,234.22
1331,songhaoyang,7,236.43
1332,jinqidong,7,242.6
1333,liangjunxi,7,242.65
1334,LarsBalbach,7,243.77
1335,iambaba,7,249.15
1336,Architag1503,7,249.98
1337,TdLf,7,257.83
1338,SHA_TO_RU,7,258.97
1339,shivamg29,7,262.75
1340,arahi10,7,271.93
1341,Adi0203,7,273.15
1342,i_am_noob,7,274.47
1343,zyx2012,7,279.3
1344,avicchn,7,285.68
1345,EZHUMATHI_S,7,342.9
1346,ra5anchor,7,351.32
1347,Novalux,6,18.63
1348,shirogo,6,44.7
1349,Liubaokai,6,46.48
1350,decltype,6,50.85
1351,matcharate12,6,52.42
1352,squibon,6,52.58
1353,wuj,6,54.6
1354,DB0917,6,55.68
1355,m5o0,6,58.85
1356,Rine78,6,60.78
1357,baodat,6,64.3
1358,trynagetbetter,6,65.22
1359,mentikatu,6,69.63
1360,tomorunn1729,6,72.93
1361,yukisiro,6,77.38
1362,Dragon66677750,6,77.78
1363,codingwithrahat,6,77.9
1364,datemaki314,6,82.7
1365,C550,6,87.57
1366,zhanghuanwen,6,88.43
1367,allenyen1017,6,89.48
1368,wumo,6,90.32
1369,otoshigo,6,90.37
1370,taisei_iida,6,90.82
1371,_M_,6,94.37
1372,cmx2011,6,94.58
1373,Jimmy_S,6,95.08
1374,dj4zo6u6,6,95.18
1375,Nosuke1729,6,95.23
1376,shuqiang,6,96.62
1377,yasariBro,6,98.77
1378,lyi,6,98.92
1379,worlddestroyer,6,101.97
1380,dalu31415,6,102.6
1381,Yugo0716,6,104.88
1382,ma_tw,6,105.48
1383,Piyush_4206,6,106.63
1384,Lakshitha_R_E,6,107.63
1385,BU0929_Mabin,6,109.8
1386,kani_hime,6,113.28
1387,rubay,6,113.78
1388,Satvik0100,6,115.53
1389,KT60,6,119.45
1390,cbjfs,6,119.52
1391,Dona_,6,120.33
1392,Sh0ikot04,6,122.02
1393,l_a_n_c_e_r,6,123.88
1394,fg_2ed,6,127.43
1395,cosmicaldrift,6,133.72
1396,Zhang_Xinyu,6,134.17
1397,dico,6,135.1
1398,sim_ple,6,135.65
1399,kiga544,6,137.3
1400,hrh2026,6,138.02
1401,Shiro_S,6,142.18
1402,San01,6,143.1
1403,Braulinho,6,144.22
1404,yanzipeng,6,144.75
1405,maou1,6,145.52
1406,InfinityF1re,6,148.8
1407,bubbleutt,6,150.52
1408,eooonz,6,150.78
1409,fdsa1201,6,151.52
1410,STU_pjy,6,153.0
1411,Sunny1629,6,158.43
1412,vishalgodia64,6,159.02
1413,Harsh445,6,160.67
1414,Jianglingxi,6,162.78
1415,dostonbek_12,6,167.53
1416,zhuang510,6,170.35
1417,kidultli1307,6,170.37
1418,szx791016,6,171.3
1419,wwbzh,6,174.1
1420,Favorys,6,179.07
1421,Phenanthrene86,6,179.98
1422,Himanshu_aCE,6,183.58
1423,mrinmoy_123,6,189.38
1424,IXIN,6,200.9
1425,momoiro_solver,6,202.62
1426,Grzegorz,6,203.8
1427,fireskybaby,6,206.15
1428,RXHAP,6,211.9
1429,ikd,6,215.77
1430,orzegg,6,219.22
1431,cholacoted,6,228.12
1432,slowwalker,6,234.87
1433,Pratik_10072008,6,236.13
1434,shovanparia,6,240.7
1435,HardcoreHHK0315,6,268.27
1436,NomanAli,6,269.12
1437,tkiyom,6,273.55
1438,fken_prime_57,6,298.42
1439,Sakura_luo,6,328.22
1440,rsiy_,5,4.72
1441,czjiaa,5,8.6
1442,cczzss,5,9.25
1443,BadBadBad__,5,11.5
1444,codwarm,5,11.53
1445,MasakiAOTA,5,12.23
1446,YuYuanPQ_,5,13.05
1447,Joshuaurora,5,13.82
1448,SavrusLawence,5,15.5
1449,hitonanode,5,17.42
1450,stone_shadow,5,18.35
1451,SSRS,5,18.57
1452,hsy8116,5,20.45
1453,xyzr,5,20.65
1454,I_AM_NOT_ROBOT,5,20.82
1455,Zish18,5,21.0
1456,Rubikun,5,21.32
1457,PK_zdd6310,5,21.53
1458,suzannekhan,5,22.33
1459,cqbzzjy,5,22.48
1460,I_am_the_fastest,5,22.8
1461,shellchen,5,24.55
1462,yuu_w,5,25.48
1463,khushi25,5,25.65
1464,reinsirk,5,25.83
1465,AlexTony,5,26.1
1466,lindelof,5,26.97
1467,prime1212121,5,27.25
1468,wangtaochun,5,27.38
1469,jjang36524,5,29.05
1470,wsb2023,5,29.43
1471,Z__atcoder,5,29.53
1472,JustFady,5,29.57
1473,Earth2023,5,29.68
1473,Shirotsume,5,29.68
1475,phoenix0423,5,29.98
1476,mw_math,5,31.5
1477,AnOIer,5,32.18
1478,Utkarsh1601,5,32.3
1479,c_legg,5,32.98
1480,m0x90,5,33.38
1481,MattTheNub,5,33.7
1482,WJHyun,5,34.23
1483,zkvl0,5,34.35
1484,AhmedPlusPlus,5,34.62
1485,gyouzasushi,5,34.63
1486,Hyperbolic,5,35.17
1487,Delicious_lxy,5,35.77
1488,Milthm,5,35.78
1489,Wch__,5,35.85
1490,x3x3,5,36.17
1491,kouty,5,36.47
1492,Sunrise_middle,5,37.23
1493,jwpassion1,5,37.27
1494,A1C3_qwq,5,37.32
1495,jiezecheng,5,37.45
1496,lzx20120124,5,38.03
1497,hurongyu,5,38.3
1498,xiongbotao,5,38.35
1499,serendipity_,5,38.6
1500,kyopro_friends,5,38.75
1501,pzjQWQ,5,39.23
1502,langni,5,39.57
1503,ANDER_,5,39.9
1504,Lighthouse1,5,40.28
1505,zhangzirui66,5,41.07
1506,sinzyousan,5,41.2
1507,Wevton,5,41.27
1508,Su777,5,41.32
1509,oToToT,5,41.38
1510,Abinash7,5,41.47
1511,Oxojo,5,41.67
1511,pleeric,5,41.67
1513,JXR_Kalcium,5,41.95
1513,xinranzhu,5,41.95
1515,x3a51,5,42.1
1516,chan120714,5,42.6
1517,qwertim,5,42.73
1518,dgwgy,5,43.28
1519,skytgt,5,44.02
1520,TomitaMatei,5,44.4
1521,tassadar_,5,44.67
1522,MytHz1,5,45.2
1523,wumingxuan,5,45.23
1524,liyuze,5,45.38
1525,xiebingxiu,5,46.75
1526,kurigohanp,5,46.78
1527,integlim,5,47.28
1528,ymwang,5,47.37
1529,Nyaan,5,47.6
1530,wzl19371,5,47.7
1531,n_bitand_n_per_3,5,47.77
1531,ruiniyo,5,47.77
1533,panpanpan,5,48.27
1534,Aler,5,48.6
1535,wangtianze,5,48.95
1536,Kansu,5,49.53
1537,ZTHu,5,49.68
1538,vidanovic,5,49.88
1539,Miss_Ichika,5,50.67
1539,zhongyujie,5,50.67
1541,Zhong_S_L,5,50.72
1542,harrypang,5,50.8
1543,H20,5,50.98
1544,Kude,5,51.02
1545,stadag,5,51.2
1546,wenbang,5,51.3
1547,prof_zoh,5,51.4
1548,blameazu,5,51.63
1549,2023f2,5,51.7
1550,Kevin_ProMax,5,52.13
1551,Mdsc286_1,5,52.35
1552,Iroha_3856,5,52.42
1553,yusukeO,5,52.68
1554,qwq_cqbzcdr,5,52.92
1555,XiangXunyi,5,53.23
1556,iwillbecomeaLGM,5,53.25
1557,DeltaStruct,5,53.28
1558,Chat_GPT5,5,53.42
1559,yanzixuan2024,5,53.43
1560,syun0713,5,53.68
1561,ryuusagi,5,53.85
1562,Daylight,5,54.38
1563,Azazel_0911,5,54.42
1564,henryzh,5,54.48
1565,hiro71687,5,54.57
1566,cjdst9981,5,54.67
1567,REALLY_NOT_BOT,5,54.83
1568,stuart220_chen,5,55.28
1569,manta1130,5,55.38
1570,tee_73009,5,55.95
1571,soryuusi0219,5,56.0
1572,fouracc,5,56.35
1573,haihamabossu,5,56.37
1574,karaju,5,56.78
1575,Rho17,5,57.08
1576,CaptainGeorgia,5,57.3
1577,AlgebraLove,5,57.67
1578,ACstudy,5,57.85
1579,huyichen0903,5,57.9
1580,wsy_jim,5,58.2
1581,nshuttle,5,59.25
1582,mint998,5,59.33
1583,wYlkaTUOXcmdrLVt,5,59.98
1584,rakki_rakki,5,60.43
1585,sdds2011,5,60.92
1586,Nichi10p,5,61.13
1586,gdst,5,61.13
1588,AItale,5,61.32
1589,xiaofu15191,5,61.47
1590,LUCKY_tetoos,5,61.6
1591,zhlyz2003,5,61.9
1592,hiromi1630,5,62.48
1593,zhangpeinan123,5,62.53
1594,HawkWang,5,62.63
1595,coderdyh,5,62.73
1596,winliu,5,62.82
1597,Nekomancer60,5,62.88
1598,wangtongrui,5,63.1
1599,wo20110222,5,63.18
1600,timeforclock,5,63.22
1601,Zykaris,5,63.47
1602,Pessimism,5,63.57
1603,Luis_AQM,5,63.73
1604,MateuszMieszko,5,63.78
1605,NandhaKishoreKB,5,64.87
1606,ymh_ymh,5,65.25
1607,WRY2013,5,65.45
1607,double_huk,5,65.45
1607,wmd_125,5,65.45
1610,Daniel_xu,5,65.63
1611,yingxueyuhanling,5,65.77
1612,ken_if_stone_orz,5,67.03
1613,catlong,5,67.07
1614,smyluke,5,67.22
1615,freeloop,5,67.37
1616,FplusFplusF,5,67.4
1617,helperT,5,67.55
1618,Casterice,5,67.7
1619,Arisu_0v0,5,67.95
1620,huangems,5,67.97
1621,Recursion1,5,68.35
1622,shiningsoul,5,68.48
1623,zainalikhan,5,68.5
1624,juanjuan007,5,68.8
1625,fatman8,5,68.87
1626,Moya_Reo,5,69.35
1627,Asmrr,5,69.38
1628,mkawa2,5,69.43
1629,caiyunrong123,5,69.88
1630,Minzitong,5,70.13
1631,yuma220284,5,70.33
1632,kkx_acj,5,70.62
1633,qianli1,5,70.65
1634,jon0920,5,70.67
1635,nnh915,5,70.8
1636,Baytool,5,71.37
1637,Yuya_11235,5,71.88
1638,LyricalMaestro,5,72.28
1639,sansuixuedawa,5,72.85
1640,ryanwyr,5,73.0
1641,I_am_Colin,5,73.12
1642,kino0402,5,73.17
1643,pantsman,5,73.68
1644,Fkun,5,73.85
1645,Many712,5,74.15
1646,ryu150,5,74.17
1647,satyam_22,5,74.55
1648,canihavealook,5,74.57
1649,Lia_Cruz,5,74.6
1650,LEWISAK,5,74.62
1651,takuy_s,5,74.7
1652,n1k,5,74.75
1653,syougotea,5,75.13
1654,Lv_Tianyu,5,75.15
1655,wuqize,5,75.22
1656,HumbleRobo,5,75.98
1657,yqj,5,76.02
1658,Marbjo07,5,76.07
1659,iis914,5,76.15
1660,WangYueHeng,5,76.47
1661,Kevin911,5,77.23
1662,zhangchi1234,5,77.32
1663,beta,5,77.55
1664,sl_zy,5,77.65
1665,djoga98,5,77.85
1666,A1m4UrHeart,5,77.93
1667,Minipeople,5,78.08
1668,maple_1016,5,78.32
1669,mech_39,5,78.67
1670,olff,5,78.72
1671,Quuri,5,78.87
1672,Exponential_Cube,5,78.92
1673,Bethance,5,79.62
1674,andyholmes,5,79.88
1675,jbyxm,5,79.95
1676,edwardcs,5,80.67
1677,123456Mjx,5,80.82
1678,Tyara,5,81.0
1679,ACGODs,5,81.03
1680,xuanxuanni,5,81.35
1681,xuezy,5,81.62
1682,opzc35,5,81.67
1683,Riya_Chandra,5,82.15
1684,lmduc2704,5,82.32
1685,Shymohn,5,82.62
1686,karn22,5,82.68
1687,Enolaly,5,82.7
1688,XWC114514,5,82.73
1689,C202627yehan,5,82.93
1690,tuantuan88,5,83.15
1691,Stupido,5,83.2
1692,MuktorFM_Main,5,83.67
1693,mm1221,5,83.82
1694,Like_Lilac,5,83.97
1694,rabimea,5,83.97
1696,Rampage_99,5,84.08
1697,shin0830,5,84.8
1698,eric2013,5,85.63
1699,primesosu,5,85.92
1700,minaminamin,5,86.05
1701,hardcoder_jeet,5,86.07
1702,fhbsxz,5,86.32
1703,garlex,5,86.4
1704,i_taku,5,86.92
1705,guilhermecpp,5,86.98
1706,johnny233,5,87.38
1707,hcyrn,5,87.52
1708,Karmallis,5,87.53
1709,wenguangxi,5,88.1
1710,Talita,5,88.18
1711,Dimas_Heitor,5,88.92
1711,kavan02,5,88.92
1713,shun_i,5,89.32
1714,Furioso_Slient,5,89.63
1715,rlak2h,5,89.97
1716,kmjp,5,90.12
1717,June6,5,91.1
1718,chaby,5,91.63
1719,MdSalam_Uddin,5,91.65
1720,Kingglory,5,91.68
1721,Jayanthi_putta,5,91.73
1722,gw2249why,5,91.83
1723,ZhaoYiLing,5,92.1
1724,linzixuan2023,5,92.5
1725,CatYukarin,5,92.67
1726,knatti,5,92.87
1727,DaisukeTK,5,92.9
1728,Huy_082125,5,93.08
1729,wyz20101104,5,93.37
1730,softmob,5,93.38
1731,M1rai,5,94.13
1732,potesara,5,94.3
1733,Liminghe,5,94.9
1734,zhangzhixing99,5,94.97
1735,KH8047,5,95.25
1736,hao_zi,5,95.3
1737,lwx2022,5,95.75
1738,darekasan,5,96.23
1739,Yangmingjie,5,96.62
1740,yue0913,5,97.53
1741,qiaoenzhe,5,97.65
1742,EMBailey,5,98.1
1743,neatisaac,5,98.12
1744,charan_baru,5,98.13
1745,WangSiYuan2028,5,98.42
1746,hyf719346,5,98.43
1747,cho57020,5,98.77
1748,cqbzysk,5,99.5
1749,zhangjunxi,5,99.88
1750,cuicui,5,99.9
1751,limaotong0922,5,100.18
1752,EbonySerpent,5,100.25
1753,eulmelk,5,100.28
1754,xkdydl,5,100.37
1755,2_3_5_7,5,100.78
1756,wuziqiao,5,100.8
1757,IACRUS,5,102.27
1758,ZQYfans,5,102.73
1759,ACmember,5,102.92
1760,Somewhere,5,102.95
1761,checker8,5,103.32
1762,Devaraj_007,5,103.43
1763,Airmongsity,5,103.63
1764,sunnygreen,5,103.87
1765,applejam,5,104.83
1765,deep_sea,5,104.83
1767,E1b,5,104.9
1768,sd202002,5,104.92
1769,Knifehead,5,105.32
1770,mobayomy123,5,105.33
1771,brian_1226,5,105.38
1772,leoncat,5,105.55
1773,SDXpansheng,5,106.48
1774,zhaoxiqi,5,106.55
1775,clumsy_ac,5,106.65
1776,qnaoyuki,5,107.43
1777,8aceMak1r,5,107.98
1778,Enchantment,5,108.2
1779,phosphor,5,108.32
1780,small_lemon_qwq,5,108.9
1781,Xenonium57,5,109.6
1782,So_noSlack,5,109.87
1783,muyan123,5,109.93
1784,wsy0814,5,110.43
1785,ppig145,5,110.47
1786,haruki4936,5,110.8
1787,Silent_Rebirth,5,111.08
1788,hwc2011,5,111.53
1789,fengyihao2030,5,111.73
1790,KDL_ANIPLEX,5,111.97
1791,CarpDay,5,112.25
1792,Yuulis,5,112.45
1793,AK_Mi,5,113.55
1794,hanbangze,5,113.62
1795,gishh,5,113.95
1796,mstars,5,114.3
1797,Cuishihan9595100,5,114.42
1798,liusimo0727AFO,5,114.57
1798,paulopr,5,114.57
1800,Ryu_dragon,5,114.88
1801,wendywan,5,114.95
1802,sarswa_dhiru,5,115.7
1803,fsfdgdg,5,116.17
1804,RFEGDF,5,116.25
1805,inspector_05,5,117.05
1806,Koushik032,5,117.33
1807,solle,5,118.25
1808,m4ushold,5,118.97
1809,doromane,5,119.28
1810,harun210,5,119.3
1811,ZHAOJJzjj123,5,119.33
1812,saiganesh_,5,119.82
1813,liuhongyang123,5,119.83
1814,doudou0413,5,120.48
1815,edcty,5,121.07
1816,guosonghan,5,121.42
1817,zhouzihan0620,5,121.58
1818,tob8y,5,121.72
1819,Harsh_Indoria,5,121.77
1820,nemnem1123,5,122.48
1821,L_Forest,5,122.53
1822,yakumi1,5,122.6
1823,adi2964,5,122.62
1824,Aarthi_S,5,122.72
1825,u338339e,5,122.77
1826,yanxinyuan,5,122.98
1827,chowin,5,123.48
1828,zsh2022,5,123.78
1829,sk121sk654,5,124.28
1830,LCc02q,5,124.53
1831,jasongq,5,124.93
1832,yura1685,5,125.88
1833,nazmulislam05,5,126.2
1834,S1LENCE_,5,126.48
1835,chenyiyun,5,126.98
1836,LTC2025,5,127.97
1837,Manuel1024,5,128.53
1838,dwx2,5,128.55
1839,YashovS,5,128.92
1840,sabawo,5,129.22
1841,ttq012,5,129.68
1842,roushankr200,5,129.77
1843,riya_2007,5,129.87
1844,hcng,5,129.95
1845,MizukiHashimoto,5,130.82
1846,Cefgskol,5,131.28
1847,Chris_Black,5,131.35
1848,drken,5,131.42
1849,Ryan_Li,5,131.58
1850,Ruchira_1836,5,132.6
1851,tanuj_bhatt,5,132.68
1852,cxy04c,5,133.73
1853,Divine_Encounter,5,134.02
1854,Anushi1998,5,134.08
1855,Harivarsha,5,134.4
1856,qazws,5,134.65
1857,janmejai20singh,5,135.47
1858,CPPfive,5,137.42
1859,Hamed_Ghaffari,5,137.53
1860,kosumo77,5,137.62
1861,YTEZzhaohaocheng,5,137.8
1862,ihaagrawal,5,137.82
1863,hotaosa,5,138.03
1864,BurlinZhou,5,138.18
1865,thakur_saurabh,5,139.47
1866,bfsdw,5,140.17
1867,sukato,5,140.8
1868,mahiro_zcy,5,141.08
1869,manao555,5,141.15
1870,zengfanhao,5,141.17
1871,DhruvSharma17,5,141.52
1872,JOLIN_A,5,142.05
1873,Reflexive_Verbs,5,142.82
1874,coder7,5,143.27
1875,mono_0812,5,143.77
1876,n110,5,144.48
1877,angelator312,5,144.97
1878,vijesh_00,5,145.17
1879,NingMeng_yang,5,145.35
1880,an_apple,5,145.47
1881,Luo_mo,5,146.17
1882,zrnnnn,5,146.27
1883,sp4s7ec9,5,147.15
1884,wuzebang2009,5,148.7
1885,treneneno,5,148.87
1886,Neeraj8180,5,149.23
1887,Aging,5,150.87
1888,Aniket007,5,151.22
1889,beiju,5,151.62
1890,dulf2024,5,151.77
1891,ygw24116,5,152.77
1892,kunieri110,5,152.85
1893,xwv,5,153.95
1894,umezo,5,153.97
1895,mortal_liang,5,154.23
1896,sparadigm,5,156.82
1897,zhengyena,5,157.47
1898,saya_38_t,5,157.58
1899,yanx,5,158.47
1900,Nanako7_ix,5,159.0
1901,Varunesh_B,5,159.1
1902,hetxyz,5,159.45
1903,wenki,5,159.97
1904,moneychen,5,160.05
1905,krishnaawasthi26,5,161.35
1906,ToshihiroSaga,5,161.65
1907,omar_Wael272,5,164.0
1908,huo000,5,164.07
1909,bs_commander,5,167.17
1909,nella17,5,167.17
1911,masasu,5,167.6
1912,Santhosh_kumar,5,168.8
1913,LiangBaiKai,5,169.25
1914,Mangalesha,5,169.3
1915,toshityuwan,5,169.9
1916,fumin29,5,171.27
1917,hyk0YF0Gamer,5,171.65
1918,shiyilang0910,5,173.48
1919,yunseo68,5,174.35
1920,Stewie_griffin,5,174.67
1921,heshufan,5,174.87
1922,yxl1,5,175.9
1923,unavailable_,5,176.33
1924,nakamaay1,5,176.78
1925,zihan_ayame,5,177.35
1926,yczhou114514,5,178.45
1927,Chestify,5,178.83
1928,danpyu,5,179.82
1929,wuxin0011,5,181.17
1930,qwq_Furry,5,181.38
1931,ssr18,5,183.3
1932,rgr2025,5,183.85
1933,dnek,5,184.53
1934,hiromu00,5,184.78
1935,juruo_wzq_129,5,185.0
1936,jhtnoegg1,5,185.7
1937,karthikaljapur28,5,186.15
1937,panglin,5,186.15
1939,masa1031,5,188.23
1940,benjaminshih,5,188.8
1941,sendol,5,190.05
1942,SkillZz_,5,190.12
1943,es13nt_A_2,5,190.73
1944,Rahimov_7,5,193.47
1945,flash667,5,193.57
1946,Aditya91,5,196.02
1947,leolin,5,197.18
1948,SUPERFIRE777,5,198.42
1949,Kawashiro_Nitori,5,198.73
1950,liujianbin,5,200.15
1951,agtxdy,5,202.13
1952,liruiyao,5,202.65
1953,shinyal,5,203.67
1954,Drosera,5,204.88
1955,alg0kun,5,206.77
1956,MOSTEEY,5,207.4
1957,AnanthB,5,210.03
1958,unimodal_pair,5,211.05
1959,Frosty030,5,211.5
1960,PICOLO,5,211.7
1961,Bharadwaja_C,5,213.97
1962,taso20,5,215.12
1963,yesukhei_a,5,217.47
1964,Vornix8,5,218.8
1965,wildwater,5,219.72
1966,hepingge,5,219.83
1967,trinyyyyy,5,219.9
1968,Radit27GT,5,224.33
1969,BRUCE_LIU,5,224.95
1970,kartik_codelabx,5,227.7
1971,Varun_Dama,5,233.47
1972,nono00,5,235.72
1973,liuchenjia12345,5,238.02
1974,syndrome,5,239.15
1975,kmath628,5,244.87
1976,N_noa21,5,246.62
1977,Mindulle,5,270.38
1978,ILoveHuTao,4,16.5
1979,jianghz,4,18.48
1980,abcdfeg,4,18.53
1981,Panyang,4,19.28
1982,Lemon_zqp,4,19.65
1983,SC3,4,23.8
1984,amanjain123,4,24.72
1985,Zenin_,4,26.5
1986,alice1729,4,26.82
1987,highlighter,4,27.5
1988,inluminas,4,29.6
1989,anpanman314,4,30.57
1990,YhuanDebeste,4,30.97
1991,nakayoshiver1,4,34.62
1992,ting39,4,34.65
1993,yt142857,4,36.83
1994,Chetan_21,4,39.3
1995,earth999,4,40.97
1996,Devesha,4,41.27
1997,Ryan12,4,41.5
1998,Mohamed_Shsosha,4,43.45
1999,Apple10,4,43.88
2000,duanyuyang,4,43.93
2001,Gayagaya4,4,44.42
2002,Harsh_12,4,45.25
2003,moy4shi3,4,45.62
2004,zoidzium,4,46.0
2005,zzzsssttt,4,46.02
2006,playa123,4,46.92
2007,xuz,4,47.28
2008,zzt_puddle,4,47.75
2009,dekkaineko,4,48.23
2010,naesira,4,48.82
2011,hanaosi,4,48.85
2011,tterminatorCM,4,48.85
2013,FengFengChiJi,4,49.78
2014,__harishpathak__,4,50.12
2015,Inline_void,4,50.37
2016,iiilex,4,51.18
2017,swayamn72,4,51.27
2018,sunamegane,4,51.62
2019,saywoo,4,52.13
2020,funnyface,4,52.48
2021,Turgyn_Yahya,4,52.52
2022,Midoca,4,52.7
2023,xz_ea,4,53.08
2024,Lux_Chen,4,53.23
2025,yiwiy9,4,53.5
2026,nika123,4,53.82
2027,Alinur_2028,4,54.67
2027,tajyu,4,54.67
2029,GeorgeCai,4,54.8
2030,azamat123,4,55.03
2031,Cyclog,4,55.63
2032,jianges,4,56.2
2033,r4Ks,4,57.15
2034,Mottchan,4,57.42
2035,wensx,4,57.8
2036,terran_yj4,4,58.2
2037,sw2022,4,58.77
2038,LJH0406,4,58.93
2038,shika_mocha,4,58.93
2040,buyna13,4,58.97
2041,ranjit_thegreat,4,59.15
2042,michealdantes,4,59.42
2043,mrqsmart,4,60.87
2044,ktm69,4,60.95
2045,binom,4,61.35
2046,sanation_cpp,4,61.38
2047,BoredPanda,4,61.48
2048,LpiYs,4,62.17
2049,RoshiniKR,4,62.37
2050,toppoun,4,62.63
2051,Hygrox,4,62.75
2052,Mollor,4,62.9
2053,stho,4,62.98
2054,SSmagus,4,63.05
2055,LunaGeeking,4,63.08
2056,Cappuccino11,4,63.22
2057,GongNanyue,4,63.23
2058,fact493,4,63.6
2059,DamoCode,4,63.63
2060,Cowell,4,63.77
2061,vknow360,4,64.15
2062,Siitake7,4,64.35
2063,LashaMosidze,4,64.72
2064,pradeepkr415,4,64.88
2065,tomogoma0609,4,65.07
2066,onesis,4,65.08
2067,maxlmb2023,4,65.4
2068,CiAFang,4,65.98
2069,zdyx,4,66.12
2070,homeBoy,4,66.43
2071,superjuruo,4,66.5
2072,huangyexi,4,66.68
2073,to_train,4,66.85
2074,yangser,4,67.03
2075,stasbadzi,4,67.48
2076,include_qwq,4,67.92
2077,premier,4,67.98
2078,kataniya,4,68.25
2079,CaYi,4,68.28
2080,geriatricoder,4,68.45
2081,fuyvchen,4,68.55
2082,kitty_cat0702,4,68.57
2083,nmoon,4,69.22
2084,leo120306,4,69.48
2085,roCatalyst,4,69.5
2086,Recolve,4,70.67
2087,dirtblock,4,70.85
2088,liyuqing2023,4,71.62
2089,coheshen,4,71.65
2090,cacampu,4,72.17
2091,Sonetto37,4,72.23
2092,wolf2006,4,72.52
2093,yyx91,4,74.03
2094,Sayantan108,4,74.15
2095,is_ware,4,74.17
2096,princeakanerd,4,74.37
2097,Akiakiparadaisuu,4,74.4
2098,Mi61t,4,74.57
2099,sujoy_ghosh,4,75.2
2100,abcd1729,4,75.42
2101,Wangj,4,75.53
2102,tantan1007,4,76.23
2103,rpam,4,76.37
2104,JerryJerry06,4,76.63
2105,JustA,4,77.15
2106,Lan_Sky,4,78.07
2107,mindflux,4,78.38
2108,trno8,4,79.07
2109,NaruhodoWright,4,79.08
2110,ShyamK,4,79.15
2111,abxin,4,80.13
2112,ray66,4,80.85
2113,sahadheep,4,80.92
2114,ArcoRATH,4,81.05
2115,hayahaya11,4,81.3
2116,Koon412,4,81.88
2117,ReacherWu,4,81.9
2118,irinuadesukira,4,82.47
2119,suviker1,4,82.53
2120,Hill_Fly,4,82.93
2121,InfRobin,4,82.98
2121,alloova,4,82.98
2123,LyricCzZ,4,83.02
2124,lihaoyang0317,4,83.08
2125,Advinas,4,83.68
2126,Alan7,4,84.15
2127,vnithin2005,4,84.25
2128,Debanjon_Roy,4,84.45
2129,untan,4,85.4
2130,Catking14,4,85.42
2131,barath2006,4,85.72
2132,zhongchende,4,86.07
2133,Swordfishqwq,4,86.53
2134,Someeran,4,86.72
2135,ddraig,4,86.83
2136,ctaka,4,87.0
2137,parshuram02,4,87.68
2138,hatodemowakaru,4,87.85
2139,Pagesh,4,87.87
2140,Koosuke,4,88.02
2141,ayuanay,4,88.32
2142,Suman2280,4,88.38
2143,morhadi,4,88.58
2144,AAAlcar,4,89.78
2145,Elamaran,4,90.5
2146,jiangqiao,4,91.05
2147,zerotwoone,4,92.45
2148,Saksham2597,4,92.52
2148,catu,4,92.52
2150,Levmz,4,92.68
2151,twkim_02,4,93.13
2152,Nyslip,4,93.18
2153,iamamanksingh,4,93.45
2154,ggbamg,4,93.53
2155,byk_ALEX,4,94.78
2156,C7BMkOO7Qbmcwck7,4,94.82
2157,dumbhun_5076,4,95.07
2158,Harinimurugan,4,96.18
2159,yasuhouse,4,96.87
2160,Mustafalab,4,96.9
2161,nay_r,4,97.32
2162,Jamshen,4,97.4
2163,lazycoder000,4,97.43
2164,fangzixuan,4,97.83
2165,ikoma,4,97.87
2166,AAA88,4,98.72
2167,Lazy__sheep,4,98.83
2168,motidanyan,4,98.9
2169,icaicai10086,4,99.03
2170,fly_in_sky,4,99.13
2171,vrvrum,4,99.32
2172,hnust_tanghong,4,99.77
2173,ishan_324,4,99.8
2174,Xfive,4,100.03
2175,w0t0,4,100.1
2176,miho4,4,100.9
2177,bu_xiang_qu_ming,4,101.45
2178,kkislay20,4,101.5
2179,mengyj,4,101.93
2180,gemtec,4,102.03
2181,god_of_hell,4,102.4
2182,ACAC_100,4,103.12
2183,Anonymous_TV_hyq,4,103.25
2184,Elaina3308,4,103.33
2185,Kittiphop_Suwann,4,103.4
2186,guo0o0Oo,4,103.55
2187,qzyz_slt,4,103.68
2188,skg0001,4,104.08
2189,henfarias,4,104.92
2190,zhongyouheng,4,105.3
2191,Chilllee,4,105.75
2192,doDaylightCycle,4,105.78
2193,Illumina,4,106.03
2194,Lazyfll,4,106.07
2195,Adarshjha,4,106.7
2196,sp3249,4,107.47
2197,7qffza5d,4,108.0
2198,kmooop,4,108.47
2199,Himanshu056,4,108.57
2199,cuber_hmq,4,108.57
2201,shiroCode82,4,108.85
2202,lichaozhe2022,4,108.87
2203,AshwinS2008,4,109.93
2204,Megane149,4,111.35
2205,nirach10n,4,111.5
2206,hafniii,4,111.58
2207,entropy_negative,4,112.17
2208,Comprehensive,4,112.18
2209,Harry114514,4,112.37
2210,AlgoStruggler,4,112.42
2211,kizun,4,113.98
2212,wzh2026,4,114.52
2213,goel_aadhaar,4,114.78
2214,Isshii,4,115.37
2215,keisuke6,4,116.17
2216,hanhanli100,4,116.4
2217,msjing,4,116.58
2218,e4zy62,4,116.7
2219,nunu0_0,4,116.78
2220,zeyang01,4,117.47
2221,Hori04,4,118.52
2222,yajamon,4,119.25
2223,fslong,4,119.83
2224,miwo99,4,120.02
2225,tatsuyateyo,4,120.95
2226,MahakG,4,122.9
2227,LemonAcid,4,123.53
2228,Acul4321,4,124.28
2229,XCJHYJ,4,124.32
2230,LengHuaping,4,125.3
2231,shrey71,4,125.38
2232,keetai,4,125.98
2233,harukis3,4,126.32
2234,zgmbsydmz,4,126.78
2235,pyth2,4,126.9
2236,kasamachi,4,127.17
2237,sharky999,4,127.47
2238,oi2008,4,127.65
2239,wangchenxun,4,129.6
2240,BerryPie,4,129.65
2241,NavinSudharson,4,129.95
2242,VenkateshSubbiah,4,130.2
2243,jqbqdnjy,4,130.8
2244,puranesu,4,132.82
2245,tonystar0420,4,133.03
2246,tellu,4,134.38
2247,guosonghan1,4,135.33
2248,Hariprasath_45,4,137.13
2249,karma_404,4,139.02
2250,harita27,4,139.93
2251,espressivosubito,4,140.17
2252,KASHIF5AIBA,4,140.48
2253,fly_ljf,4,140.5
2254,Timelorde65,4,141.4
2255,akshayshinde,4,141.9
2256,Shalom0919,4,142.85
2257,kandume7,4,143.27
2258,BuffBushCricket,4,143.42
2259,mochmoc,4,143.65
2260,sleepyAdarsh,4,144.33
2261,patience019,4,144.45
2262,Nandhakumar_kb,4,146.72
2263,inaenaro,4,146.75
2264,DewDrunk,4,148.4
2265,bearwhite,4,150.42
2266,witterP,4,150.83
2267,Priya_26,4,153.93
2268,djsksbrbf,4,154.93
2269,AXT_AyaKoto,4,156.87
2270,Omirbay,4,156.92
2271,CuteCube,4,158.13
2272,RamyaM,4,159.18
2273,Chidvilas,4,161.15
2274,LnYag,4,162.18
2275,shajidulsobuj,4,162.22
2276,lcatharsis,4,162.27
2277,Xiaoya,4,162.63
2278,hyoka7,4,162.98
2279,captainprice27,4,163.68
2280,Takakuma,4,166.45
2281,xingfan,4,166.6
2282,Liuguang_Ji,4,167.22
2283,PrinceChhikara,4,167.5
2284,katefu334,4,170.18
2285,ansh_malhotra33,4,171.67
2286,Hemanth_36,4,171.93
2287,discoergosum,4,173.78
2288,hdc,4,173.92
2289,HUNTER_JIN,4,174.2
2290,Albx,4,175.47
2291,huangzhenyu123,4,180.57
2292,bammer,4,180.58
2293,nianyi,4,180.75
2294,Prince_1184,4,182.87
2295,Manjot0185,4,182.92
2296,ding870,4,185.22
2297,Sin_qwq,4,185.63
2298,theEleven,4,185.7
2299,OGIMI,4,185.93
2300,Shreyanshg2k23,4,187.25
2301,zhy123,4,187.88
2302,ShubhamYadav27,4,188.67
2303,onlyfans,4,190.68
2304,2023szx,4,191.2
2305,adda_7,4,191.32
2306,tassei903,4,193.98
2307,CCFNOI,4,197.58
2308,Vasanthakumar_S,4,199.78
2309,DJI_MAVIC_4_PRO,4,201.47
2310,becastal,4,213.02
2311,vincent13,4,214.72
2312,toyuzuko,4,217.13
2313,ToastBread,3,6.8
2314,zhy091206,3,9.88
2315,jhthavenoegg2,3,10.18
2316,tatata96,3,12.37
2317,MMNMM,3,12.5
2318,sitz_bnk21,3,12.77
2319,kairi327,3,13.18
2320,ryan8303,3,13.42
2321,zlr,3,13.53
2322,popoik,3,14.47
2323,Solalyth,3,14.55
2324,kerokoroppi,3,14.58
2325,Sky_Thunder,3,14.62
2326,KomeijiArmia,3,15.77
2327,nao2002_,3,15.78
2328,bipsig,3,16.83
2329,akathecooldragon,3,17.22
2330,dragon_killer,3,17.45
2331,hirohito1971,3,17.57
2332,atofujiosukai,3,17.75
2333,shiroyari,3,18.28
2334,karnaya,3,18.55
2335,yhop,3,18.6
2336,nknk9,3,18.63
2337,hobbit,3,18.77
2338,tobias_gregson,3,19.25
2338,xvl_,3,19.25
2340,vaguu,3,19.58
2341,fhy123,3,19.92
2342,Tomic1280,3,19.95
2343,Lier_,3,20.15
2344,nekooooooo,3,20.3
2345,sort1,3,20.47
2346,shinji_mm,3,20.9
2347,Andrew_G,3,20.97
2348,jyc321,3,21.0
2349,masatosis,3,21.25
2350,Taniquchi,3,21.35
2351,xuan2024,3,21.48
2352,hanbaagu1,3,21.9
2353,ONPU3,3,22.05
2354,manishsingh12,3,22.23
2355,fast_music,3,22.25
2356,Eazinstar,3,22.32
2357,nongyanjie,3,22.53
2358,zutpig,3,22.92
2359,skirmish,3,23.55
2360,cln2012,3,23.77
2361,scp096shyguy,3,23.9
2362,Z_HX_QAQ,3,24.08
2363,pbcoding,3,24.62
2364,uddaydeol2,3,25.03
2365,Mugen2411,3,25.3
2366,homescapes_fan,3,25.38
2367,Rudra_7,3,25.42
2368,Caydenyinwei,3,25.6
2369,ayonizm,3,25.88
2370,shooonya,3,26.33
2371,rockyjoe23,3,26.38
2372,ChenZhengzhe,3,26.42
2373,linkai2024,3,26.68
2374,Red0106,3,26.7
2375,wang79,3,27.13
2375,zhangjingshuo,3,27.13
2377,lilinzhao,3,27.27
2378,Amrendra_01,3,27.33
2378,LeafMain,3,27.33
2380,leanlean,3,27.58
2381,NeonKazuha,3,27.82
2382,Arxalier,3,28.07
2383,sekretarin,3,28.3
2384,yasaikeikaku,3,28.33
2385,Andrew8128,3,28.6
2386,WANGHAOTIAN,3,28.83
2387,Inokun_,3,28.85
2387,uremimi,3,28.85
2389,aaditya5576,3,28.87
2390,ReadingSteiner,3,28.95
2391,LinZhiheng,3,29.07
2392,sushant_bajaj,3,29.17
2393,krvishal,3,29.28
2394,Renl,3,30.0
2395,heyuxuanyyds,3,30.15
2396,Sessito,3,30.22
2397,SovietEndlight,3,30.48
2398,siooisi,3,31.03
2399,rashid_siddiqui,3,31.18
2400,mfaiz_1,3,31.8
2401,zhangyizhan,3,31.9
2402,Challa_Ajay,3,32.15
2403,poat777,3,32.62
2404,FWX2011,3,33.32
2405,AshishLimitless,3,33.48
2406,MokshithCodes,3,33.73
2407,R05_mary,3,33.82
2408,nesshello,3,33.93
2409,LZYXT,3,35.23
2410,Soummojeet_07,3,35.3
2411,zzzMVP,3,35.37
2412,Pinaki43,3,35.65
2413,Beatrix_Coder,3,35.98
2414,yangziyue2025,3,36.0
2415,onionmal,3,36.32
2416,menotbest,3,36.8
2417,KKX666,3,36.83
2417,mentainanoda,3,36.83
2419,darelife,3,36.85
2420,Mohit65,3,36.87
2421,nivethalg,3,37.1
2422,r1317,3,37.65
2423,ayxan001,3,37.97
2424,Nigiha,3,38.5
2425,shenghao,3,38.65
2426,ImL,3,38.8
2427,ChrisG,3,39.02
2428,itigobanana,3,39.33
2429,Bahha,3,40.08
2430,Bhumik14,3,40.6
2430,sanyal_samudro,3,40.6
2432,C_X_L,3,40.68
2433,Phantom_73,3,40.73
2434,cpismayilmmdv985,3,40.82
2435,Nomann,3,41.03
2436,Gowsi07,3,41.2
2437,takagi3,3,41.57
2438,rucha_15,3,41.63
2439,ebi125,3,42.43
2440,jondis,3,42.7
2441,zhuoheng,3,43.23
2442,takakan448,3,43.3
2443,yangqingyun,3,43.62
2444,Inooo,3,43.7
2444,aattoomm,3,43.7
2446,gsmpraneeth,3,43.85
2447,siddash,3,44.18
2448,zhangchenyi,3,44.52
2449,EunHo,3,45.0
2449,X_ey1267,3,45.0
2451,zau_rusu,3,45.45
2452,ikr,3,45.75
2453,hemant_kumawat,3,46.38
2454,niswog,3,46.45
2455,Harjap,3,46.65
2456,LowercasedGSE,3,46.7
2457,zhongjialin,3,46.75
2458,KannaRyou,3,46.98
2459,inlex,3,47.08
2460,metto,3,47.12
2461,zhf14,3,47.3
2462,Yorihide_Saito,3,47.5
2463,zofin233,3,47.55
2464,ksseed,3,47.58
2465,unknowerror,3,47.6
2466,UnknownUserCN,3,47.63
2467,hanabinabi,3,47.88
2468,misaka_misaka,3,47.97
2469,hachidori_258,3,48.12
2469,iDhruv,3,48.12
2471,geetansh431,3,48.25
2472,chenyushengniubi,3,48.42
2473,Yunia_Ma1109,3,48.48
2474,takobanana,3,48.65
2475,altman_xie,3,49.0
2476,tm8k1,3,49.07
2477,desize,3,49.47
2478,The_Destiny,3,49.7
2479,kawanetest,3,49.93
2480,nibrm,3,50.3
2481,Moons_Seeker,3,50.83
2482,CocoaCR,3,51.07
2483,zmdayo,3,51.12
2484,hiyo_89,3,51.13
2485,ShimonShi,3,51.48
2486,optmstpessmst,3,52.22
2487,moamizusaki,3,52.37
2488,Amannn,3,52.53
2489,makkii,3,52.6
2490,Harshal24,3,52.7
2491,heh0smallZ,3,52.97
2492,Lava1807,3,53.3
2493,fullstar,3,53.87
2494,tempvar,3,54.0
2495,Warrior07A,3,54.45
2496,LongBow_249,3,54.48
2497,Starry_chatgpt,3,54.62
2498,srp_Ethan,3,54.85
2499,hajileylek,3,55.0
2500,climpet,3,55.12
2501,zouker1147483647,3,55.25
2502,SuperBusy,3,55.27
2503,wsy_I,3,55.35
2504,WH1T3B34RD,3,55.37
2505,Taiga_tiger,3,55.42
2506,TheImportant_qwq,3,55.43
2506,bcptptptp,3,55.43
2508,ry023,3,55.82
2509,henilcp_111,3,56.08
2510,mrsahilsingh,3,56.17
2511,Himanshukk123,3,56.2
2512,CatAzusa,3,56.45
2513,okitaka,3,56.88
2514,AarthiV07,3,56.92
2515,nnnn,3,57.23
2516,fg_1ed,3,57.73
2517,Tilek9602,3,58.17
2518,manish_patidar,3,58.27
2519,stromithm87,3,58.53
2520,NaHCO3_514,3,58.88
2521,Http8php,3,59.05
2522,Fin1,3,59.18
2523,Lit_to,3,59.32
2524,anupomkhan512,3,59.7
2525,tsubaki274,3,59.92
2526,Khalil_Fonggg,3,60.33
2527,norimenkuzure,3,60.57
2528,yk0495,3,60.62
2529,Pickles57,3,60.8
2530,EnTingLof,3,61.02
2531,fupeng4328,3,61.2
2532,hakurenn,3,61.8
2533,sisisida,3,62.35
2534,Bittu07,3,62.75
2535,Kikurage_81,3,63.97
2536,adnan_akib,3,64.03
2537,Bill_Evans,3,64.37
2538,wang_freedom,3,64.68
2539,WaterSpellbinder,3,64.75
2540,taka743,3,64.85
2541,bablupariharr,3,65.43
2542,Nekozuki0509,3,65.67
2543,shawn9,3,66.03
2544,royking,3,66.1
2545,srija_2827,3,66.63
2546,amitesh5314,3,67.03
2547,JoyslinJenifer,3,67.6
2548,moamoa,3,68.03
2549,wangjiahe1,3,68.4
2550,PCL3_at,3,68.53
2551,ravshan09,3,68.92
2552,yuyuk,3,69.13
2553,flywen,3,69.33
2554,mltttttt,3,69.35
2555,nightswamp,3,69.38
2556,higuyuan,3,69.4
2557,ChaoticZao,3,69.48
2558,matcha303,3,69.75
2559,White_Ghost,3,69.8
2560,elliot245,3,70.35
2561,goofy,3,70.83
2562,Yash00,3,71.67
2563,jjq001,3,71.7
2564,rikut,3,71.72
2565,WCw123456,3,72.75
2566,HotoRiii,3,72.88
2567,sorb,3,72.92
2568,Sumitkakkar,3,73.25
2569,Youteru,3,73.45
2570,quzhouju66,3,73.5
2571,taikodon,3,74.3
2572,mori318,3,74.38
2573,yybxyz,3,74.72
2574,C4K3L0V312,3,75.07
2575,GL_HF_BAI,3,75.65
2576,teru_0111,3,75.7
2577,yimachi0203,3,76.32
2578,mula,3,77.18
2579,Fengyi99,3,77.2
2580,pikusi,3,78.77
2581,GoFarforDreram,3,78.97
2582,tai_97427,3,79.15
2583,shdgeyrt,3,79.17
2584,abhilashreddy,3,79.68
2585,Yihaodong,3,80.13
2586,wangxiao_wait,3,80.57
2587,seventeen07,3,80.78
2588,annkake_yaki,3,80.85
2589,samuel2009,3,82.87
2590,toripp,3,83.0
2591,enu_1,3,83.45
2592,hridyanshuGupta,3,83.7
2593,Bruce161010,3,83.88
2594,sharppenguin,3,84.02
2595,starrycat53,3,84.38
2596,Soureen_Dutta,3,84.55
2597,Asur_Zurvan,3,84.87
2598,Prakash__18,3,85.1
2599,Supreme001,3,85.17
2600,Adityag123,3,85.23
2601,SatyamSuman,3,85.75
2602,zhouyibo,3,86.12
2603,keven0324,3,86.52
2604,reicalgrst,3,86.55
2605,MAMIRUS,3,86.58
2606,Ubendiran,3,86.75
2607,nevanth,3,87.05
2608,garvitbansal,3,87.37
2609,fto,3,87.55
2610,Moaz_1e9p7,3,87.6
2611,buchimi,3,88.0
2611,wyu_yu,3,88.0
2613,Are_doc,3,88.28
2614,m1n5eo,3,88.32
2615,Ishan_007_,3,88.6
2616,satyamkr78,3,88.73
2617,Rutta,3,89.1
2618,bunkichi,3,90.82
2619,Loilty1335,3,91.05
2620,lzxsh2013,3,91.57
2621,Monster10,3,91.92
2622,Charlie_shadow,3,92.67
2623,linzixiao,3,92.92
2624,bigsuperplum,3,93.32
2625,ldh666,3,93.65
2626,adityagrg023,3,93.72
2627,zxk0105,3,93.73
2628,Helico,3,93.83
2629,gw24131,3,93.93
2630,sunny2012,3,94.37
2631,turtle611,3,94.38
2632,Its_dathan,3,94.4
2633,Hacker_,3,94.85
2634,sadhana02,3,95.72
2635,jenish_09,3,96.02
2636,GeoYZH,3,96.12
2637,hiro716,3,96.53
2638,x5ilky,3,97.37
2639,YukaNamiki,3,97.52
2640,rbybound,3,97.7
2641,zjd2013,3,97.87
2642,lxinzhi66,3,98.05
2643,YMWL,3,98.25
2644,rocks,3,98.3
2645,MiketokiSatoshi,3,98.38
2646,txngzs,3,98.4
2647,qad,3,98.92
2648,harupiyosonic,3,99.73
2648,recuraki,3,99.73
2650,maybeSuima,3,99.95
2651,Nizzy,3,100.03
2652,taipika,3,100.55
2653,cmj20120821,3,100.62
2654,harshardhan008,3,100.9
2655,manojsingh22,3,101.8
2656,smooooggy,3,101.88
2657,TaylorFly,3,102.13
2658,Taku_Taku_Taku,3,102.38
2659,skd151143,3,103.05
2660,chensiyu1,3,103.77
2661,zyling,3,103.8
2662,sairohan,3,104.08
2663,noyon29,3,104.3
2664,resp,3,104.75
2665,Madhavan13,3,105.2
2665,kaedecha,3,105.2
2667,__HUPEIXUAN__,3,105.27
2668,lotily,3,105.42
2669,destroyer009,3,105.45
2670,Szx567,3,107.12
2671,anushka123,3,107.6
2672,liupeixin,3,107.63
2673,CH0226,3,107.93
2674,ljz1212,3,108.23
2675,000nobody000,3,110.4
2676,six00teens,3,110.53
2677,Jammy,3,110.55
2678,jackson_cao,3,111.55
2679,Anushka_05,3,112.08
2679,Sandeepkumar12,3,112.08
2681,9411412,3,112.55
2682,chobisuke,3,112.73
2683,jayanth26,3,113.4
2684,manojgottala,3,113.42
2685,Grammar_hbw,3,114.1
2686,khasu329,3,115.18
2687,wufh2000,3,115.32
2688,Nigitha,3,115.4
2689,20_izabek_13__,3,115.9
2690,bangalsubham20,3,116.52
2691,Damascus_,3,117.22
2692,a2251489884,3,117.62
2693,xjp666,3,117.73
2694,Jerry2015NT,3,118.5
2694,Kirubalini252006,3,118.5
2696,uir0,3,119.07
2697,R0R,3,119.32
2698,Tejasvi1206,3,119.33
2699,WilliamWilli,3,119.77
2700,kuratsuji,3,119.92
2701,Pikapurin,3,120.15
2702,bekhruz,3,120.42
2703,ReaPeryzx,3,120.57
2704,kolorvxl,3,120.77
2705,stegO04,3,121.22
2706,mobile,3,121.32
2707,tatacky,3,121.8
2708,fuyuchen2012,3,121.83
2709,xunuowei819,3,122.35
2710,suryansh_885,3,122.62
2711,yhyz2021027,3,122.78
2712,Kiruthika_86,3,123.7
2713,ramprasad_93,3,124.35
2714,wlh__1,3,125.0
2715,Bar9463,3,126.6
2716,moton03,3,126.8
2717,zhangchuxi,3,128.8
2718,Baniyo,3,129.9
2719,Murali03,3,130.2
2720,_O_v_O_,3,132.13
2720,nikuroll,3,132.13
2722,i_do_cpp1,3,133.55
2723,municipal,3,133.87
2724,Vennela100,3,134.33
2725,jeyabalan1304,3,134.77
2726,practice_cp,3,135.32
2727,jacobiIdentity,3,135.68
2728,l1c,3,135.72
2729,shibam_paul,3,137.8
2730,frostflower,3,138.2
2731,storrerguy,3,138.23
2732,Ahbbxjaiq,3,139.9
2733,iketatsu,3,141.27
2734,sasa_05,3,141.78
2735,drbxiao7,3,142.32
2736,Leo201111,3,144.57
2737,Oliver16,3,145.4
2738,mahirjambhule,3,147.02
2739,cslgZ09224220,3,147.32
2740,cinnamon_perfect,3,148.75
2741,R243,3,150.02
2742,kurodesu,3,150.53
2743,PhiloWael123,3,150.62
2744,zeesh1906,3,151.77
2745,ibtosm,3,152.35
2746,Daksh_Jain,3,152.9
2747,Thamilselvan,3,153.12
2748,htmnr,3,154.42
2749,VusatOrujov,3,154.77
2750,ExAll,3,155.57
2751,harmokey,3,156.83
2752,Sowmiya_M_S,3,157.68
2753,WYX1210,3,160.18
2754,ciuim,3,160.92
2755,isfromjapan,3,161.3
2756,xoceankingx,3,161.83
2757,AcuteAngle,3,162.02
2758,hydrogenperoxide,3,162.73
2759,toributter,3,163.27
2760,priyansh_gupta,3,164.65
2761,KavenSky,3,164.88
2762,benzene1002,3,165.48
2763,sea_urchin_Bob,3,167.88
2764,mitsu0523,3,168.75
2765,Yhayjx,2,1.3
2766,XHCLD,2,2.78
2767,Orz_Zyj6,2,5.02
2768,chachamusics,2,5.03
2769,sakaYq4875,2,5.9
2770,Azubiwa,2,6.27
2771,sunny281,2,6.97
2772,whatisdp,2,7.1
2773,Mooos_MoSheng,2,8.35
2774,asutario,2,8.72
2775,Basin,2,9.07
2776,lyyz202515Qcr,2,9.27
2777,soorya1723,2,9.78
2778,Joker_sen,2,9.82
2779,wenxiangye,2,9.83
2780,REO00,2,10.57
2781,yufh,2,10.78
2782,lihaochen,2,11.58
2783,ACQwQ,2,11.65
2784,tokeidai,2,12.85
2785,cafkaf,2,12.92
2786,SParshR,2,12.97
2787,t0ruru0,2,13.82
2788,qazxcvbnmko,2,13.97
2789,mateiash,2,13.98
2790,Geogruffy,2,14.57
2791,iakioinoi,2,15.05
2792,Lx2025,2,15.22
2793,simple710,2,16.17
2794,rlc202204,2,16.3
2795,Spline,2,16.32
2796,tr3,2,16.82
2797,tomato109,2,16.95
2798,kytknoi,2,17.2
2799,sxzgyc,2,17.83
2800,hemati,2,18.3
2801,yuukan,2,18.67
2802,kotopanpu,2,18.98
2803,Sving1024,2,19.13
2804,dcsugar,2,19.87
2805,toko314,2,20.15
2806,Adityaraj,2,20.18
2807,Bonnyu,2,20.48
2808,liuruian,2,20.75
2809,azu7,2,21.18
2810,nxj,2,22.18
2811,takuya0911,2,22.25
2812,hrshhh21,2,22.65
2813,utk369gupta,2,22.67
2814,vitaminPhi,2,22.87
2815,ZiyaCode1,2,22.92
2816,Ytg,2,23.03
2817,Alamin917,2,23.15
2817,coderKayn,2,23.15
2819,ec_nsl,2,23.7
2820,yct9134,2,23.78
2821,gkaply,2,24.23
2822,kanamekaname,2,24.75
2823,Daredevil2412,2,25.07
2824,aashutoshgupta15,2,25.55
2825,azamjonpydev,2,25.75
2826,ruanhaojun,2,25.87
2827,yangjinguang,2,26.32
2828,weixirui,2,26.35
2829,QgQ,2,26.75
2830,ktomoya,2,26.85
2831,mg00s,2,26.88
2832,azerAslanov,2,27.57
2833,GarvitSharma5,2,27.63
2834,yaosicheng124,2,27.97
2835,su_ozer,2,28.88
2836,ShaJerry,2,28.95
2837,andwy6,2,29.38
2837,wangxiaer,2,29.38
2839,ChiefAlderman,2,30.03
2840,z04,2,30.55
2841,sakasama,2,31.02
2842,Galaxy_forever,2,31.48
2843,yimingutzha,2,32.05
2844,Hz_,2,34.5
2845,ripona,2,34.53
2846,tzzl3035,2,34.65
2847,akasatana55,2,34.82
2848,pablo11l7,2,35.55
2849,LiQinLang,2,36.03
2850,Kartikp123,2,36.42
2850,nikeladaoba,2,36.42
2852,usmstk,2,37.02
2853,Ashok_06,2,37.05
2854,rhustish,2,37.35
2855,CrimsonFrost17,2,37.37
2856,XYZI,2,37.53
2857,Khaleesi,2,37.73
2858,AyeshaSiddiqa,2,38.08
2859,ediblepancreas2,2,38.38
2860,Ayush122,2,39.12
2861,jsc123456,2,39.22
2862,AIYAZ,2,39.38
2863,bishRoy,2,40.25
2864,Crow_000,2,40.32
2865,night30nk,2,40.53
2866,aniketmondal1210,2,41.57
2867,neovo,2,41.97
2868,Aryan_Jumde,2,42.0
2869,Delulu_619,2,42.1
2870,SBharathvaj,2,42.15
2871,ChineseMuffin,2,42.38
2872,Santhoshkumar12,2,42.77
2873,spilHorizon,2,43.13
2874,Hanyilinn,2,43.78
2875,alive7z,2,44.17
2876,kazumaxxx,2,45.27
2877,dhinahar04,2,45.4
2878,Ayush2311,2,45.45
2879,LX666,2,45.52
2880,kernelsk3wl,2,45.68
2881,1vegetable,2,46.23
2882,zongzi,2,47.02
2883,dheerajd5,2,47.15
2884,a111111111111,2,47.28
2885,SilverNova_135,2,48.45
2886,hanmikan,2,48.55
2887,yuantu_1,2,49.02
2888,luohaoran1,2,49.55
2889,Yangzhuoming123,2,50.1
2890,zhangqixuan0819,2,50.2
2891,Ackqueen,2,50.37
2892,cfy159357,2,50.43
2893,konamyon,2,50.72
2894,Tholkappiyan,2,51.03
2895,abhishekkr18,2,51.22
2896,lrlc,2,51.5
2897,karasarisu6,2,51.6
2898,shourya1601,2,51.7
2899,nakaiii,2,51.88
2900,moye12888,2,51.9
2901,AyushmanPani,2,52.32
2902,711523BCB033,2,52.48
2903,awesomey,2,52.83
2904,rashmi777,2,52.92
2905,gch1206,2,53.13
2906,spbob8yo,2,53.17
2907,MariaKPaul,2,53.32
2908,Satwik_Agrawal,2,53.78
2909,Wcy1130,2,55.53
2910,ayush2074,2,56.23
2911,nibbletonbuilds,2,57.6
2912,RINTAR0U,2,58.53
2913,sourav8789504881,2,58.57
2914,thomasalvaedison,2,58.92
2915,mourning,2,58.93
2916,praba_0724,2,59.0
2917,liumingen,2,59.17
2918,qing_you,2,59.53
2919,MinChel,2,59.7
2920,normalsigner,2,60.28
2921,yashrathore965,2,60.8
2922,IkaCoder,2,61.08
2922,sugandhi15,2,61.08
2924,neel_codes,2,61.58
2925,jyoumu,2,61.77
2926,my_small_account,2,62.28
2927,muchenguo,2,62.3
2928,cyq142857,2,63.0
2929,Joaquin144,2,63.03
2930,strlst,2,63.58
2931,madhura_03,2,64.07
2932,Shadow_Aditya,2,64.1
2933,R_PARTH,2,64.2
2934,sivi21,2,64.4
2935,nonakakazuma,2,64.45
2936,Pavi1309,2,64.63
2937,LiChen0459,2,65.13
2938,Hari18,2,65.78
2939,roberun,2,65.98
2940,tsubu7961,2,66.07
2941,Reuben9027,2,66.08
2942,KINGSTAN,2,66.42
2943,xinghe8076,2,66.82
2944,bhagavan,2,66.9
2945,Taslima_Khanam,2,67.27
2946,orangekid,2,67.33
2947,ShashankGrg,2,68.25
2948,yangtianran,2,68.28
2949,alpha_nivi,2,69.3
2950,Kajal_Shaw,2,69.52
2951,salomao,2,69.67
2952,chatpata_Rajma,2,69.97
2953,AlonsoYT,2,70.02
2954,niconico555,2,70.32
2955,eelmaru,2,70.37
2956,Vishanth_VS,2,70.45
2957,arikrrr77,2,71.15
2958,masum1834e,2,71.88
2959,Lucres,2,72.07
2959,rsiamsami,2,72.07
2961,Vivek1215,2,72.33
2962,RYD1M,2,72.37
2963,Baipr0,2,72.4
2964,Descartideal,2,72.97
2965,seriya,2,73.25
2966,mohamed_samy327,2,73.38
2967,ayase1,2,73.68
2968,Ryuzaki4657,2,73.88
2969,KeyAmuse,2,74.13
2970,JigNeX,2,74.63
2971,prpn,2,74.82
2972,tamago4976,2,75.32
2973,tanuki33550336,2,75.4
2974,arghodatta,2,75.45
2975,coderone,2,76.22
2976,rex333,2,76.82
2977,tirkey,2,77.03
2978,bxrl111,2,77.15
2979,caltrop,2,77.43
2980,hirokiaviator,2,77.83
2981,vishalagarwal1,2,77.9
2982,akito_,2,77.93
2983,saidul4110,2,77.97
2984,lamlam37,2,78.28
2985,sarve29,2,78.83
2986,kokila2903,2,79.48
2987,DavieDrown,2,79.57
2988,Hasan_Zia,2,79.88
2989,convenie,2,80.03
2990,iDeiDiot,2,80.05
2991,shengqibao888,2,81.27
2992,Manas_220206,2,82.07
2993,MarioLier,2,82.5
2994,sharlyn,2,82.65
2995,hlc130323,2,82.7
2996,MelvinN,2,82.85
2997,Mythalis,2,83.27
2998,ncsjacky,2,83.35
2999,black_scythe,2,83.43
3000,Haze_04_,2,83.95
3001,Sunagimo_,2,84.43
3002,dream4218,2,84.82
3003,wuwa,2,85.13
3004,fever,2,85.6
3005,sreemathi_m,2,86.17
3006,puneeth_70,2,86.6
3007,gw2135,2,86.9
3008,fyilo24,2,87.2
3009,hxrxchang,2,87.25
3010,JXFentj,2,87.35
3011,pawansinghAtC,2,88.05
3012,praveen9kk,2,88.13
3013,ShadowNova,2,88.53
3014,p1ll3chan,2,88.93
3014,yash2121,2,88.93
3016,yunli521,2,89.32
3017,GURUPRASATHSB,2,89.55
3018,shivanggupta,2,89.85
3019,Evan20150613,2,90.17
3020,T18,2,90.2
3021,krisvarish,2,91.52
3022,shen71,2,91.65
3023,ShadowMagican,2,91.77
3024,yun__,2,92.63
3025,FYCCCTA2011,2,93.13
3026,Khushal19,2,93.98
3027,Ldf1208,2,94.18
3028,CURZLIZ,2,94.82
3029,shreyasjoshi,2,95.17
3030,AshishChoudhary,2,95.32
3031,Kz25,2,95.52
3032,ccy20130127,2,96.1
3033,tanahiro2010,2,96.48
3034,VMHanXing,2,96.62
3035,halimgeng,2,96.73
3036,hariharan_,2,97.52
3037,longlong_int,2,98.15
3038,johan_34,2,98.18
3039,BehruzbekX,2,98.33
3040,di_sword,2,99.07
3041,yusuke3213,2,99.12
3042,jason11160,2,100.22
3043,GOLD3Phoenix,2,101.0
3044,Firefazer28,2,101.2
3045,almighty_1,2,103.18
3046,dongyilang,2,103.23
3047,CYJ48,2,103.73
3048,Divyashah_69,2,104.02
3049,Adithya_3006,2,104.45
3050,MysteriousSaikat,2,104.65
3051,liyongkang,2,105.08
3052,SwiftCurium,2,105.63
3053,abdmas,2,105.92
3054,Lapbreeze,2,106.33
3055,tk555,2,106.53
3056,Prakhar2102,2,106.57
3057,jash_,2,107.63
3058,WC863,2,108.25
3059,Yyx20250209,2,108.77
3060,_MengShang_,2,109.2
3061,int_cl,2,109.52
3062,idon,2,110.53
3063,Stars_Seeker,2,110.55
3064,Kerim_N1,2,110.92
3065,lbjhqs,2,111.97
3066,anya_At,2,112.28
3067,ahirame,2,112.37
3068,kumpu,2,112.73
3069,TrueRyoB,2,112.9
3070,ao4,2,113.2
3071,sidat,2,113.55
3072,PhirainEX,2,114.12
3073,dongggle,2,114.47
3074,temmie,2,114.62
3075,smart_kai,2,115.1
3076,mayankrajsrivas1,2,116.23
3077,Saniiii,2,118.73
3078,heyuzhen,1,0.82
3079,wyh2012,1,0.92
3080,zhangqh,1,1.02
3081,nick2010,1,1.03
3082,hackstar,1,1.3
3083,anll,1,1.37
3084,fyc2023,1,1.42
3085,Madlollipop03,1,1.6
3086,sounansya,1,1.82
3087,kurna,1,1.95
3088,CH3CHO,1,2.13
3089,yamiyosakura,1,2.17
3090,Zhang_xiangyou,1,2.2
3090,chenzhixuan2010,1,2.2
3092,bloxd,1,2.38
3093,entna,1,2.52
3094,zengmaoyuan,1,2.58
3095,DTL123,1,2.82
3096,xczod,1,2.87
3097,yaohaoyou,1,2.92
3098,hulkboy2O,1,2.98
3099,sathvik_at,1,3.07
3100,saku_pan,1,3.18
3101,AT_cailuchuan3,1,3.28
3102,mmsheep,1,3.3
3103,youwhenway,1,3.43
3104,Jameshuang2014,1,3.47
3104,ron_hell,1,3.47
3106,Maki_python,1,3.5
3107,tsunamayo123,1,3.55
3108,invi_XD,1,3.58
3109,cqbzhzf,1,3.7
3110,java_one,1,3.93
3111,Green_M,1,4.15
3112,madcap47,1,4.18
3113,kaz7221,1,4.48
3114,caojinming,1,4.62
3115,Guchiomaru,1,4.73
3116,shoshoshom,1,4.83
3117,whycjdl,1,4.97
3118,Ichijo_Seiji,1,5.17
3119,rikoru,1,5.25
3120,Matenfloro,1,5.28
3121,sriderment,1,5.7
3122,shoki_,1,5.85
3122,wzdncr,1,5.85
3124,Geomex001,1,6.12
3125,KongShuiLinHua,1,6.48
3125,haruk1,1,6.48
3127,tapris,1,6.52
3128,nibabadeyeyedeba,1,6.6
3129,Null_Pointer_2,1,6.62
3130,kungfupanda101,1,6.7
3131,Linyijun_,1,6.73
3132,inouekaduo,1,6.95
3133,tanishas05,1,6.97
3134,Xue_Zhoujun_RhF6,1,7.0
3135,ko_math,1,7.38
3136,ATCcontestant,1,7.92
3137,thyristarou,1,7.95
3138,zzc121002,1,8.0
3139,HJZhao,1,8.3
3140,wwrdg,1,8.45
3141,Jerry555,1,8.75
3142,sudhanshu_on,1,8.78
3142,wanyb,1,8.78
3144,paulswebe,1,8.93
3145,drogskol,1,9.07
3146,momoyash,1,9.12
3146,xiaochen0104,1,9.12
3148,sandipan_paria,1,9.5
3149,elffuhs_R,1,9.73
3150,XXh0919,1,9.95
3151,k3o6h7,1,10.42
3152,mengchenghao,1,11.0
3153,Beixi,1,11.03
3154,Shruthika,1,11.25
3155,angelinach,1,11.37
3156,wangzeyu2013,1,11.83
3157,fanjunyi9,1,11.95
3158,leyuzhang,1,12.28
3159,iamrenda,1,12.32
3160,okaki1192,1,12.38
3161,yangyang1000,1,12.77
3162,Hasna,1,12.9
3163,R928,1,12.93
3164,Kanztume,1,13.17
3165,ZhuHaocheng,1,13.33
3166,shreddr,1,13.4
3167,VKLloyd,1,13.55
3168,Matheusao,1,13.92
3169,justinlgl20,1,14.25
3169,xy00c,1,14.25
3171,EfazAhmed11,1,14.8
3172,Iam_Rajat28,1,14.83
3173,haruto149,1,14.92
3174,Kxnux_CP,1,15.45
3175,wakapaijazz,1,15.7
3176,AckqueenS,1,15.85
3177,chjh,1,16.4
3178,BigmanProMax,1,16.58
3179,tiyonousa,1,16.85
3180,zhengxi,1,17.05
3181,python1lzd,1,17.2
3182,adii221,1,17.28
3183,HRXdefather,1,17.33
3184,lijinyang,1,17.35
3185,Eiralys,1,17.4
3186,nishinihon,1,17.63
3187,XioaNai,1,17.97
3188,Yakult1,1,18.03
3189,adityameena,1,18.52
3190,Mahamudulsaikat,1,18.65
3191,jiyujin816,1,18.73
3192,Uue_kun,1,18.8
3193,LUOXIAOJIE,1,18.98
3193,sddcd,1,18.98
3195,Whencut,1,19.25
3196,0818Cc,1,19.35
3197,Kan05,1,19.53
3198,iwa4,1,20.3
3199,anusuya_devi_S,1,20.32
3200,weiy,1,20.35
3201,binary_search,1,20.38
3202,ItzLucifer,1,20.52
3203,ahmedhamedelsaid,1,21.22
3204,zjh15001572549,1,21.35
3205,Sujith_Varshan,1,21.92
3206,Praful10,1,21.95
3207,didiaodewo,1,22.05
3208,ryoma03,1,22.2
3209,Mynex,1,23.08
3210,sajibv1,1,23.17
3211,VN_Haru,1,23.43
3212,sortA,1,23.45
3213,liumonong2,1,23.77
3214,Hisen_berg,1,23.95
3215,cgy20140502,1,24.18
3216,Nekke,1,24.5
3217,jay_solves,1,24.65
3218,Thirstarfish,1,24.95
3219,Naivete07,1,24.97
3220,Rishi2004,1,25.03
3221,CloverAAA,1,25.55
3222,YY0707,1,25.8
3223,Aakash_nitdgp,1,26.48
3224,wubobo_,1,26.73
3225,Ekber_Ekber,1,27.02
3226,fahad_atcoder,1,27.18
3226,huanghaotong,1,27.18
3228,H_zero,1,27.35
3229,lmaz,1,27.37
3230,tokuko,1,27.73
3231,lbmzxhb,1,27.78
3232,busy_,1,28.13
3233,haruna0504,1,28.67
3234,zhaohuanjin,1,28.72
3235,Namz,1,29.13
3236,Solong_Never,1,29.23
3237,abcdef_Z,1,29.42
3238,lizilin450219,1,29.65
3239,xudongyi1,1,29.67
3240,itoito1234,1,29.7
3241,HuangHao,1,30.03
3242,lanblanb,1,30.17
3243,lzyrapx,1,30.38
3244,jizhenyu,1,30.63
3245,Ahmedzakay77,1,30.93
3246,AdamAsheen,1,31.07
3247,pengzihao0529,1,31.22
3248,hanzaki427,1,31.35
3249,ambrish710,1,31.37
3250,DevnDevil,1,31.98
3250,LemonMatcha,1,31.98
3252,chen78999,1,32.43
3253,wenlebo,1,32.73
3254,rishitrai,1,32.95
3255,kaimel,1,32.97
3256,TselmegKh,1,32.98
3257,idont,1,33.02
3258,Maheshwari,1,33.12
3259,daichi5050,1,33.2
3260,cakogix,1,33.32
3261,Haresh_R,1,33.4
3262,tonynot,1,33.42
3263,ys_2012,1,33.45
3264,jimyao,1,33.78
3265,diveinm,1,33.87
3266,Gamasan,1,33.92
3267,Sathish_JL_07,1,34.15
3268,Hughpig,1,34.63
3269,comedy_bandar,1,34.85
3270,Ljhljh1102,1,34.92
3271,exophia,1,35.15
3272,JiangYule2011,1,35.17
3273,NUTAN2006,1,35.27
3274,Raja_ram,1,35.57
3275,diya_,1,35.62
3275,hhhyyyfff,1,35.62
3277,spacecowboy03,1,35.93
3278,matunoki4323,1,36.05
3279,segmenttree1410,1,36.15
3280,jerzyk,1,36.67
3281,syloe,1,36.77
3282,yingMC,1,37.0
3283,ChapterGreen,1,37.2
3284,clwan,1,37.45
3285,Aditya_Mondol,1,37.55
3286,krank09,1,37.6
3287,komakoko,1,37.63
3288,Shiva_Narisimha,1,37.82
3289,roshii,1,38.22
3290,wuccat,1,38.62
3291,Harshinip,1,38.78
3292,CYhuang,1,38.83
3293,r523,1,39.05
3294,YaLong,1,39.13
3295,aaaaaaaaaas,1,39.22
3296,Abdoo_,1,39.65
3297,yanghongzheng,1,39.73
3298,Shafrin,1,40.63
3299,hj23308,1,40.85
3299,kuangbiaopilihu,1,40.85
3301,Qball123,1,40.87
3302,thepersonilike13,1,41.0
3303,Mjaksyej8ds9is,1,41.02
3304,clanel0000,1,41.2
3305,yueyuanzhiyyz,1,41.22
3306,dhruvin_2006,1,41.23
3307,mashen,1,41.43
3308,shivangkeshri,1,41.6
3309,NDY99,1,41.7
3310,mixirica,1,42.02
3311,Zcr_JH123,1,42.03
3312,Mryosuke,1,42.13
3313,Pamm,1,42.68
3314,Naru820,1,42.72
3315,Sainath25,1,42.82
3316,ichigak,1,42.88
3317,Retej,1,42.95
3318,t19r3,1,43.07
3319,Y33,1,43.2
3320,ninjinn,1,43.77
3321,Kirito_darkness,1,43.78
3322,jeffersengodfrey,1,43.98
3323,hirayou,1,44.03
3324,nejimaki,1,44.23
3325,Aestivate,1,44.28
3326,up_p,1,44.4
3327,MADHAIYAN07,1,44.45
3327,jim12345,1,44.45
3327,yh24CYM,1,44.45
3330,kfield,1,44.52
3331,Samuel131011,1,44.53
3332,longheight,1,44.62
3333,Abiramibalu,1,44.82
3334,Mark_Pei,1,45.08
3335,yashkyu,1,45.55
3336,Lcy121028,1,45.62
3337,gwchenqian,1,45.73
3337,lemons,1,45.73
3339,east1016,1,45.77
3339,sadfaweftagvze,1,45.77
3341,ever_nothing,1,45.85
3342,capy_kun,1,45.88
3343,liushengxi,1,45.97
3344,Eltormtace,1,46.18
3345,rushina,1,46.37
3346,kiritosao185,1,46.93
3347,manmoth24,1,47.28
3348,Deep_kamal_gupta,1,47.4
3349,peroon,1,47.42
3350,Harishmitha07,1,47.43
3350,farawaystar,1,47.43
3352,r0x2a,1,47.52
3353,gaurig08,1,47.53
3354,saurabh_sgrg,1,47.58
3355,anywhere,1,47.78
3356,Mu_YueSheng,1,48.08
3357,noobytooby05,1,48.15
3358,zzz13579zzz,1,48.17
3359,Malathi_kit,1,48.2
3360,mhnd01s,1,48.35
3361,ysato041,1,48.4
3362,tingshuo,1,48.6
3363,jj_master,1,48.62
3364,Harsh_Swami,1,48.72
3365,rahul_26,1,48.98
3366,zhenghaishu,1,49.25
3367,dengzheli91,1,49.4
3368,Eric_T800,1,49.63
3369,Poetry_martyr,1,49.67
3370,Gokila_Harini,1,49.7
3371,zwysk,1,49.77
3372,Jawaharbasha,1,50.02
3373,aaeras,1,50.33
3374,xy01c,1,50.67
3375,anemame,1,50.75
3376,ManishaSharma,1,51.18
3377,wangxiaolin,1,51.2
3378,Irial,1,51.38
3379,SharinganKakashi,1,51.5
3380,PradhumGupta,1,51.82
3381,man100,1,51.85
3382,abgkilla,1,51.95
3383,zerokelvin,1,51.97
3384,shreya12,1,52.1
3385,vajron,1,52.12
3386,25101575,1,53.1
3387,KevinHuang12,1,53.22
3388,unXknown,1,53.62
3389,lain622,1,53.75
3390,lemonydrink,1,53.92
3391,RenishSoundhra_S,1,53.93
3392,Shitanshu_patel,1,54.02
3393,MonishK,1,54.03
3394,yossiy,1,54.07
3395,Krishan12,1,54.15
3396,nike_007,1,54.18
3397,Deen_coder786,1,54.25
3398,qlyxb,1,54.42
3399,ULL,1,54.45
3400,Pragmatism_,1,54.55
3401,xiwen_Mist,1,54.7
3402,ayush15567,1,54.87
3403,priya_03,1,55.17
3404,hiroaki1024,1,55.2
3405,ElevenLZYG,1,55.27
3406,manray,1,55.32
3407,sagarraj,1,55.55
3408,up84,1,55.6
3409,saltedfish2tech,1,55.67
3410,HJR0930,1,55.78
3411,pealsha,1,55.8
3412,anataaaaq,1,55.9
3412,trykush1111,1,55.9
3414,tarannom,1,55.98
3415,Vessalius,1,56.1
3416,TianWY,1,56.13
3417,lzl_g,1,56.23
3418,macle,1,56.33
3419,kilees,1,56.5
3420,Priyanka_1234,1,56.67
3420,liuyukun,1,56.67
3422,Prakasam_06,1,56.68
3423,GFXCJM,1,56.73
3424,ZhengZhaoyi888,1,56.8
3425,MayFourteenth,1,56.88
3425,RulerChen,1,56.88
3427,yoa1227,1,56.95
3428,PS_,1,57.15
3428,sumit_9462,1,57.15
3430,macar0n,1,57.18
3431,MI47,1,57.22
3432,ArjunGiri_1312,1,57.5
3433,maxtree,1,57.58
3434,milk_pudding,1,57.83
3435,Rayren,1,57.95
3436,tlwc,1,58.13
3437,Akshaybharathi,1,58.17
3438,fish_love_cat,1,58.32
3439,Msgnh,1,58.5
3440,keichankotaro,1,58.57
3441,Dhinesh2510,1,58.7
3442,Forget01Duck,1,58.82
3443,navneet7,1,58.95
3444,xyw690900,1,58.98
3445,lmhlmh,1,59.15
3446,silenciaciencia,1,59.17
3447,hisui527,1,59.23
3448,yoCmasa,1,59.32
3449,Krish05,1,59.35
3450,lingxiao2006,1,59.47
3451,sksensoko,1,59.48
3452,bluesquid29,1,59.5
3453,nohu,1,59.53
3454,sohampatil01,1,59.63
3455,roychuang,1,59.83
3455,shiziyu111,1,59.83
